DOB,DateMeasured,Age_days,Age_weeks,Population,Generation,Line,Mouse_ID,Sex,Environment,BodyWeight_g,TailLength_mm
7/17/18,8/7/18,21,3,BRAZIL,N11,193x255,193x255_BZ1,F,RT,5.81,60
7/17/18,8/7/18,21,3,BRAZIL,N11,193x255,193x255_BZ2,M,RT,4.62,54
7/17/18,8/7/18,21,3,BRAZIL,N11,193x255,193x255_BZ4,M,RT,5.88,60
7/17/18,8/7/18,21,3,BRAZIL,N11,193x255,193x255_BZ6,M,RT,6.06,62
7/17/18,8/11/18,25,3.571428571,BRAZIL,N11,193x255,193x255_BZ1,F,COLD,7.16,63
7/17/18,8/11/18,25,3.571428571,BRAZIL,N11,193x255,193x255_BZ2,M,RT,5.57,55.5
7/17/18,8/11/18,25,3.571428571,BRAZIL,N11,193x255,193x255_BZ4,M,RT,6.79,63.5
7/17/18,8/11/18,25,3.571428571,BRAZIL,N11,193x255,193x255_BZ6,M,COLD,7.58,64.5
7/17/18,8/18/18,32,4.571428571,BRAZIL,N11,193x255,193x255_BZ1,F,COLD,8.55,64.5
7/17/18,8/18/18,32,4.571428571,BRAZIL,N11,193x255,193x255_BZ2,M,RT,8.46,62.5
7/17/18,8/18/18,32,4.571428571,BRAZIL,N11,193x255,193x255_BZ4,M,RT,10.12,69
7/17/18,8/18/18,32,4.571428571,BRAZIL,N11,193x255,193x255_BZ6,M,COLD,9.76,65
7/17/18,8/25/18,39,5.571428571,BRAZIL,N11,193x255,193x255_BZ1,F,COLD,9.13,65.5
7/17/18,8/25/18,39,5.571428571,BRAZIL,N11,193x255,193x255_BZ2,M,RT,9.21,67
7/17/18,8/25/18,39,5.571428571,BRAZIL,N11,193x255,193x255_BZ4,M,RT,12.2,73.5
7/17/18,8/25/18,39,5.571428571,BRAZIL,N11,193x255,193x255_BZ6,M,COLD,10.74,66.5
7/17/18,9/1/18,46,6.571428571,BRAZIL,N11,193x255,193x255_BZ1,F,COLD,10.11,67.5
7/17/18,9/1/18,46,6.571428571,BRAZIL,N11,193x255,193x255_BZ2,M,RT,9.02,70.5
7/17/18,9/1/18,46,6.571428571,BRAZIL,N11,193x255,193x255_BZ4,M,RT,12.97,77.5
7/17/18,9/1/18,46,6.571428571,BRAZIL,N11,193x255,193x255_BZ6,M,COLD,11.58,71
7/17/18,9/9/18,54,7.714285714,BRAZIL,N11,193x255,193x255_BZ1,F,COLD,10.9,70
7/17/18,9/9/18,54,7.714285714,BRAZIL,N11,193x255,193x255_BZ2,M,RT,9.78,74
7/17/18,9/9/18,54,7.714285714,BRAZIL,N11,193x255,193x255_BZ4,M,RT,13.5,79
7/17/18,9/9/18,54,7.714285714,BRAZIL,N11,193x255,193x255_BZ6,M,COLD,11.69,71.5
7/17/18,9/16/18,61,8.714285714,BRAZIL,N11,193x255,193x255_BZ1,F,COLD,10.96,71
7/17/18,9/16/18,61,8.714285714,BRAZIL,N11,193x255,193x255_BZ2,M,RT,10.16,74
7/17/18,9/16/18,61,8.714285714,BRAZIL,N11,193x255,193x255_BZ4,M,RT,13.93,82.5
7/17/18,9/16/18,61,8.714285714,BRAZIL,N11,193x255,193x255_BZ6,M,COLD,11.95,73
7/17/18,9/23/18,68,9.714285714,BRAZIL,N11,193x255,193x255_BZ1,F,COLD,10.92,72
7/17/18,9/23/18,68,9.714285714,BRAZIL,N11,193x255,193x255_BZ2,M,RT,10.18,76
7/17/18,9/23/18,68,9.714285714,BRAZIL,N11,193x255,193x255_BZ4,M,RT,14.36,83
7/17/18,9/23/18,68,9.714285714,BRAZIL,N11,193x255,193x255_BZ6,M,COLD,11.98,73
7/17/18,9/29/18,74,10.57142857,BRAZIL,N11,193x255,193x255_BZ1,F,COLD,10.89,72.5
7/17/18,9/29/18,74,10.57142857,BRAZIL,N11,193x255,193x255_BZ2,M,RT,10.35,76
7/17/18,9/29/18,74,10.57142857,BRAZIL,N11,193x255,193x255_BZ4,M,RT,14.42,83
7/17/18,9/29/18,74,10.57142857,BRAZIL,N11,193x255,193x255_BZ6,M,COLD,12.52,73
8/13/18,9/3/18,21,3,BRAZIL,N11,193x255,193x255_BZ3,F,RT,6,60
8/13/18,9/3/18,21,3,BRAZIL,N11,193x255,193x255_BZ5,F,RT,5.26,56.5
8/13/18,9/3/18,21,3,BRAZIL,N11,193x255,193x255_BZ7,F,RT,6.54,62
8/13/18,9/3/18,21,3,BRAZIL,N11,193x255,193x255_BZ8,M,RT,6.42,61.5
8/13/18,9/3/18,21,3,BRAZIL,N11,193x255,193x255_BZ9,F,RT,6.44,61.5
8/13/18,9/6/18,24,3.428571429,BRAZIL,N11,193x255,193x255_BZ3,F,COLD,6.51,63
8/13/18,9/6/18,24,3.428571429,BRAZIL,N11,193x255,193x255_BZ5,F,RT,5.82,59.5
8/13/18,9/6/18,24,3.428571429,BRAZIL,N11,193x255,193x255_BZ7,F,RT,7.18,65
8/13/18,9/6/18,24,3.428571429,BRAZIL,N11,193x255,193x255_BZ8,M,COLD,7.02,65.5
8/13/18,9/6/18,24,3.428571429,BRAZIL,N11,193x255,193x255_BZ9,F,RT,6.67,64
8/13/18,9/14/18,32,4.571428571,BRAZIL,N11,193x255,193x255_BZ3,F,COLD,8.31,65
8/13/18,9/14/18,32,4.571428571,BRAZIL,N11,193x255,193x255_BZ5,F,RT,7.22,61.5
8/13/18,9/14/18,32,4.571428571,BRAZIL,N11,193x255,193x255_BZ7,F,RT,9.7,71.5
8/13/18,9/14/18,32,4.571428571,BRAZIL,N11,193x255,193x255_BZ8,M,COLD,9.66,67
8/13/18,9/14/18,32,4.571428571,BRAZIL,N11,193x255,193x255_BZ9,F,RT,9.46,70.5
8/13/18,9/22/18,40,5.714285714,BRAZIL,N11,193x255,193x255_BZ3,F,COLD,9.65,67.5
8/13/18,9/22/18,40,5.714285714,BRAZIL,N11,193x255,193x255_BZ5,F,RT,8.21,66.5
8/13/18,9/22/18,40,5.714285714,BRAZIL,N11,193x255,193x255_BZ7,F,RT,11.33,76.5
8/13/18,9/22/18,40,5.714285714,BRAZIL,N11,193x255,193x255_BZ8,M,COLD,11.28,70.5
8/13/18,9/22/18,40,5.714285714,BRAZIL,N11,193x255,193x255_BZ9,F,RT,10.81,75.5
8/13/18,9/28/18,46,6.571428571,BRAZIL,N11,193x255,193x255_BZ3,F,COLD,10.13,68.5
8/13/18,9/28/18,46,6.571428571,BRAZIL,N11,193x255,193x255_BZ5,F,RT,8.64,69
8/13/18,9/28/18,46,6.571428571,BRAZIL,N11,193x255,193x255_BZ7,F,RT,11.56,77
8/13/18,9/28/18,46,6.571428571,BRAZIL,N11,193x255,193x255_BZ8,M,COLD,11.78,71
8/13/18,9/28/18,46,6.571428571,BRAZIL,N11,193x255,193x255_BZ9,F,RT,10.84,76
8/13/18,10/6/18,54,7.714285714,BRAZIL,N11,193x255,193x255_BZ3,F,COLD,10.51,69.5
8/13/18,10/6/18,54,7.714285714,BRAZIL,N11,193x255,193x255_BZ5,F,RT,9.57,71
8/13/18,10/6/18,54,7.714285714,BRAZIL,N11,193x255,193x255_BZ7,F,RT,12.28,79.5
8/13/18,10/6/18,54,7.714285714,BRAZIL,N11,193x255,193x255_BZ8,M,COLD,11.82,73
8/13/18,10/6/18,54,7.714285714,BRAZIL,N11,193x255,193x255_BZ9,F,RT,11.2,76
8/13/18,10/12/18,60,8.571428571,BRAZIL,N11,193x255,193x255_BZ3,F,COLD,10.47,71.5
8/13/18,10/12/18,60,8.571428571,BRAZIL,N11,193x255,193x255_BZ5,F,RT,9.26,72
8/13/18,10/12/18,60,8.571428571,BRAZIL,N11,193x255,193x255_BZ7,F,RT,11.88,79.5
8/13/18,10/12/18,60,8.571428571,BRAZIL,N11,193x255,193x255_BZ8,M,COLD,12.27,74
8/13/18,10/12/18,60,8.571428571,BRAZIL,N11,193x255,193x255_BZ9,F,RT,11.01,79
8/13/18,10/19/18,67,9.571428571,BRAZIL,N11,193x255,193x255_BZ3,F,COLD,10.94,72
8/13/18,10/19/18,67,9.571428571,BRAZIL,N11,193x255,193x255_BZ5,F,RT,9.69,74.5
8/13/18,10/19/18,67,9.571428571,BRAZIL,N11,193x255,193x255_BZ7,F,RT,12.14,80
8/13/18,10/19/18,67,9.571428571,BRAZIL,N11,193x255,193x255_BZ8,M,COLD,12.52,75.5
8/13/18,10/19/18,67,9.571428571,BRAZIL,N11,193x255,193x255_BZ9,F,RT,11.63,79
8/13/18,10/27/18,75,10.71428571,BRAZIL,N11,193x255,193x255_BZ3,F,COLD,10.95,72.5
8/13/18,10/27/18,75,10.71428571,BRAZIL,N11,193x255,193x255_BZ5,F,RT,9.38,74.5
8/13/18,10/27/18,75,10.71428571,BRAZIL,N11,193x255,193x255_BZ7,F,RT,12.03,81
8/13/18,10/27/18,75,10.71428571,BRAZIL,N11,193x255,193x255_BZ8,M,COLD,12.92,76
8/13/18,10/27/18,75,10.71428571,BRAZIL,N11,193x255,193x255_BZ9,F,RT,11.39,79.5
9/8/18,9/29/18,21,3,BRAZIL,N11,193x255,193x255_BZ11,F,RT,5.92,58
9/8/18,10/3/18,25,3.571428571,BRAZIL,N11,193x255,193x255_BZ11,F,RT,6.93,61
9/8/18,10/10/18,32,4.571428571,BRAZIL,N11,193x255,193x255_BZ11,F,RT,8.56,67.5
9/8/18,10/17/18,39,5.571428571,BRAZIL,N11,193x255,193x255_BZ11,F,RT,9.85,71
9/8/18,10/24/18,46,6.571428571,BRAZIL,N11,193x255,193x255_BZ11,F,RT,10.12,73.5
9/8/18,10/31/18,53,7.571428571,BRAZIL,N11,193x255,193x255_BZ11,F,RT,10.54,76
9/8/18,11/7/18,60,8.571428571,BRAZIL,N11,193x255,193x255_BZ11,F,RT,10.75,77
9/8/18,11/14/18,67,9.571428571,BRAZIL,N11,193x255,193x255_BZ11,F,RT,10.92,78
9/8/18,11/21/18,74,10.57142857,BRAZIL,N11,193x255,193x255_BZ11,F,RT,10.71,79.5
9/8/18,9/29/18,21,3,BRAZIL,N11,193x255,193x255_BZ10,M,RT,5.49,53
9/8/18,10/3/18,25,3.571428571,BRAZIL,N11,193x255,193x255_BZ10,M,RT,6.91,57
9/8/18,10/10/18,32,4.571428571,BRAZIL,N11,193x255,193x255_BZ10,M,RT,9.75,64.5
9/8/18,10/17/18,39,5.571428571,BRAZIL,N11,193x255,193x255_BZ10,M,RT,11.11,70
9/8/18,10/24/18,46,6.571428571,BRAZIL,N11,193x255,193x255_BZ10,M,RT,11.76,73.5
9/8/18,10/31/18,53,7.571428571,BRAZIL,N11,193x255,193x255_BZ10,M,RT,12.32,75.5
9/8/18,11/7/18,60,8.571428571,BRAZIL,N11,193x255,193x255_BZ10,M,RT,12.27,77
9/8/18,11/14/18,67,9.571428571,BRAZIL,N11,193x255,193x255_BZ10,M,RT,12.56,78.5
9/8/18,11/21/18,74,10.57142857,BRAZIL,N11,193x255,193x255_BZ10,M,RT,12.78,78.5
9/8/18,9/29/18,21,3,BRAZIL,N11,193x255,193x255_BZ12,M,RT,5.61,56
9/8/18,10/3/18,25,3.571428571,BRAZIL,N11,193x255,193x255_BZ12,M,COLD,6.91,60
9/8/18,10/10/18,32,4.571428571,BRAZIL,N11,193x255,193x255_BZ12,M,COLD,8.89,64
9/8/18,10/17/18,39,5.571428571,BRAZIL,N11,193x255,193x255_BZ12,M,COLD,10.8,67
9/8/18,10/24/18,46,6.571428571,BRAZIL,N11,193x255,193x255_BZ12,M,COLD,11.41,70
9/8/18,10/31/18,53,7.571428571,BRAZIL,N11,193x255,193x255_BZ12,M,COLD,11.64,70.5
9/8/18,11/7/18,60,8.571428571,BRAZIL,N11,193x255,193x255_BZ12,M,COLD,12.08,72.5
9/8/18,11/14/18,67,9.571428571,BRAZIL,N11,193x255,193x255_BZ12,M,COLD,12.55,73
9/8/18,11/21/18,74,10.57142857,BRAZIL,N11,193x255,193x255_BZ12,M,COLD,13.18,76
9/8/18,9/29/18,21,3,BRAZIL,N11,193x255,193x255_BZ14,M,RT,5.5,55
9/8/18,10/3/18,25,3.571428571,BRAZIL,N11,193x255,193x255_BZ14,M,RT,6.21,58.5
9/8/18,10/10/18,32,4.571428571,BRAZIL,N11,193x255,193x255_BZ14,M,RT,7.6,64
9/8/18,10/17/18,39,5.571428571,BRAZIL,N11,193x255,193x255_BZ14,M,RT,8.96,67
9/8/18,10/24/18,46,6.571428571,BRAZIL,N11,193x255,193x255_BZ14,M,RT,9.7,70
9/8/18,10/31/18,53,7.571428571,BRAZIL,N11,193x255,193x255_BZ14,M,RT,10.58,75.5
9/8/18,11/7/18,60,8.571428571,BRAZIL,N11,193x255,193x255_BZ14,M,RT,10.99,76
9/8/18,11/14/18,67,9.571428571,BRAZIL,N11,193x255,193x255_BZ14,M,RT,10.98,76
9/8/18,11/21/18,74,10.57142857,BRAZIL,N11,193x255,193x255_BZ14,M,RT,10.96,78
9/8/18,9/29/18,21,3,BRAZIL,N11,193x255,193x255_BZ13,M,RT,5.04,55
9/8/18,10/3/18,25,3.571428571,BRAZIL,N11,193x255,193x255_BZ13,M,COLD,5.85,56.5
9/8/18,10/10/18,32,4.571428571,BRAZIL,N11,193x255,193x255_BZ13,M,COLD,7.5,59
9/8/18,10/17/18,39,5.571428571,BRAZIL,N11,193x255,193x255_BZ13,M,COLD,8.98,62
9/8/18,10/24/18,46,6.571428571,BRAZIL,N11,193x255,193x255_BZ13,M,COLD,9.79,64.5
9/8/18,10/31/18,53,7.571428571,BRAZIL,N11,193x255,193x255_BZ13,M,COLD,10.26,66.5
9/8/18,11/7/18,60,8.571428571,BRAZIL,N11,193x255,193x255_BZ13,M,COLD,10.74,68
9/8/18,11/14/18,67,9.571428571,BRAZIL,N11,193x255,193x255_BZ13,M,COLD,11.26,70
9/8/18,11/21/18,74,10.57142857,BRAZIL,N11,193x255,193x255_BZ13,M,COLD,11.59,70.5
6/9/18,6/30/18,21,3,BRAZIL,N12,222x254,222x254_BZ1,F,RT,6.01,56
6/9/18,6/30/18,21,3,BRAZIL,N12,222x254,222x254_BZ2,M,RT,5.96,56
6/9/18,6/30/18,21,3,BRAZIL,N12,222x254,222x254_BZ3,F,RT,4.82,54.5
6/9/18,7/5/18,26,3.714285714,BRAZIL,N12,222x254,222x254_BZ1,F,COLD,8.28,63
6/9/18,7/5/18,26,3.714285714,BRAZIL,N12,222x254,222x254_BZ2,M,COLD,8.72,65
6/9/18,7/5/18,26,3.714285714,BRAZIL,N12,222x254,222x254_BZ3,F,RT,7.73,60
6/9/18,7/11/18,32,4.571428571,BRAZIL,N12,222x254,222x254_BZ1,F,COLD,9.96,65
6/9/18,7/11/18,32,4.571428571,BRAZIL,N12,222x254,222x254_BZ2,M,COLD,11.35,66
6/9/18,7/11/18,32,4.571428571,BRAZIL,N12,222x254,222x254_BZ3,F,RT,9.8,65.5
6/9/18,7/18/18,39,5.571428571,BRAZIL,N12,222x254,222x254_BZ1,F,COLD,11.23,65
6/9/18,7/18/18,39,5.571428571,BRAZIL,N12,222x254,222x254_BZ2,M,COLD,13.48,68.5
6/9/18,7/18/18,39,5.571428571,BRAZIL,N12,222x254,222x254_BZ3,F,RT,12.27,71.5
6/9/18,7/25/18,46,6.571428571,BRAZIL,N12,222x254,222x254_BZ1,F,COLD,12.66,66.5
6/9/18,7/25/18,46,6.571428571,BRAZIL,N12,222x254,222x254_BZ2,M,COLD,13.88,71
6/9/18,7/25/18,46,6.571428571,BRAZIL,N12,222x254,222x254_BZ3,F,RT,12.88,74.5
6/9/18,8/1/18,53,7.571428571,BRAZIL,N12,222x254,222x254_BZ1,F,COLD,12.66,69.5
6/9/18,8/1/18,53,7.571428571,BRAZIL,N12,222x254,222x254_BZ2,M,COLD,14.4,73
6/9/18,8/1/18,53,7.571428571,BRAZIL,N12,222x254,222x254_BZ3,F,RT,13.26,77.5
6/9/18,8/8/18,60,8.571428571,BRAZIL,N12,222x254,222x254_BZ1,F,COLD,13.34,69.5
6/9/18,8/8/18,60,8.571428571,BRAZIL,N12,222x254,222x254_BZ2,M,COLD,15.14,73
6/9/18,8/8/18,60,8.571428571,BRAZIL,N12,222x254,222x254_BZ3,F,RT,13.16,77.5
6/9/18,8/15/18,67,9.571428571,BRAZIL,N12,222x254,222x254_BZ1,F,COLD,13.12,69.5
6/9/18,8/15/18,67,9.571428571,BRAZIL,N12,222x254,222x254_BZ2,M,COLD,15.55,73
6/9/18,8/15/18,67,9.571428571,BRAZIL,N12,222x254,222x254_BZ3,F,RT,13.21,77.5
6/9/18,8/22/18,74,10.57142857,BRAZIL,N12,222x254,222x254_BZ1,F,COLD,13.12,70
6/9/18,8/22/18,74,10.57142857,BRAZIL,N12,222x254,222x254_BZ2,M,COLD,15.85,75
6/9/18,8/22/18,74,10.57142857,BRAZIL,N12,222x254,222x254_BZ3,F,RT,13.23,78
6/9/18,8/25/18,77,11,BRAZIL,N12,222x254,222x254_BZ1,F,COLD,13.49,70
6/9/18,8/25/18,77,11,BRAZIL,N12,222x254,222x254_BZ2,M,COLD,15.81,76
6/9/18,8/25/18,77,11,BRAZIL,N12,222x254,222x254_BZ3,F,RT,13.48,78
7/20/18,8/14/18,25,3.571428571,BRAZIL,N12,222x254,222x254_BZ4,M,RT,9.14,66
7/20/18,8/14/18,25,3.571428571,BRAZIL,N12,222x254,222x254_BZ5,F,RT,8.25,67
7/20/18,8/14/18,25,3.571428571,BRAZIL,N12,222x254,222x254_BZ7,F,COLD,7.3,66.5
7/20/18,8/14/18,25,3.571428571,BRAZIL,N12,222x254,222x254_BZ9,F,COLD,8.16,66.5
7/20/18,8/21/18,32,4.571428571,BRAZIL,N12,222x254,222x254_BZ4,M,RT,11.87,70.5
7/20/18,8/21/18,32,4.571428571,BRAZIL,N12,222x254,222x254_BZ5,F,RT,9.76,71
7/20/18,8/21/18,32,4.571428571,BRAZIL,N12,222x254,222x254_BZ7,F,COLD,8.76,66.5
7/20/18,8/21/18,32,4.571428571,BRAZIL,N12,222x254,222x254_BZ9,F,COLD,9.85,68.5
7/20/18,8/28/18,39,5.571428571,BRAZIL,N12,222x254,222x254_BZ4,M,RT,13.05,75
7/20/18,8/28/18,39,5.571428571,BRAZIL,N12,222x254,222x254_BZ5,F,RT,11.33,75.5
7/20/18,8/28/18,39,5.571428571,BRAZIL,N12,222x254,222x254_BZ7,F,COLD,10.17,66.5
7/20/18,8/28/18,39,5.571428571,BRAZIL,N12,222x254,222x254_BZ9,F,COLD,11.6,72
7/20/18,9/4/18,46,6.571428571,BRAZIL,N12,222x254,222x254_BZ4,M,RT,13.83,77.5
7/20/18,9/4/18,46,6.571428571,BRAZIL,N12,222x254,222x254_BZ5,F,RT,12.36,78
7/20/18,9/4/18,46,6.571428571,BRAZIL,N12,222x254,222x254_BZ7,F,COLD,11.7,69.5
7/20/18,9/4/18,46,6.571428571,BRAZIL,N12,222x254,222x254_BZ9,F,COLD,12.51,73.5
7/20/18,9/11/18,53,7.571428571,BRAZIL,N12,222x254,222x254_BZ4,M,RT,14.01,77.5
7/20/18,9/11/18,53,7.571428571,BRAZIL,N12,222x254,222x254_BZ5,F,RT,12.37,79.5
7/20/18,9/11/18,53,7.571428571,BRAZIL,N12,222x254,222x254_BZ7,F,COLD,12.39,70
7/20/18,9/11/18,53,7.571428571,BRAZIL,N12,222x254,222x254_BZ9,F,COLD,12.69,76
7/20/18,9/18/18,60,8.571428571,BRAZIL,N12,222x254,222x254_BZ4,M,RT,14.23,78.5
7/20/18,9/18/18,60,8.571428571,BRAZIL,N12,222x254,222x254_BZ5,F,RT,12.66,81.5
7/20/18,9/18/18,60,8.571428571,BRAZIL,N12,222x254,222x254_BZ7,F,COLD,12.93,70
7/20/18,9/18/18,60,8.571428571,BRAZIL,N12,222x254,222x254_BZ9,F,COLD,13.25,77
7/20/18,9/25/18,67,9.571428571,BRAZIL,N12,222x254,222x254_BZ4,M,RT,14.27,79
7/20/18,9/25/18,67,9.571428571,BRAZIL,N12,222x254,222x254_BZ5,F,RT,12.6,81.5
7/20/18,9/25/18,67,9.571428571,BRAZIL,N12,222x254,222x254_BZ7,F,COLD,12.4,72.5
7/20/18,9/25/18,67,9.571428571,BRAZIL,N12,222x254,222x254_BZ9,F,COLD,13.19,78
7/20/18,10/4/18,76,10.85714286,BRAZIL,N12,222x254,222x254_BZ4,M,RT,14.87,79.5
7/20/18,10/4/18,76,10.85714286,BRAZIL,N12,222x254,222x254_BZ5,F,RT,12.76,82
7/20/18,10/4/18,76,10.85714286,BRAZIL,N12,222x254,222x254_BZ7,F,COLD,12.03,74
7/20/18,10/4/18,76,10.85714286,BRAZIL,N12,222x254,222x254_BZ9,F,COLD,13.2,78
7/20/18,10/9/18,81,11.57142857,BRAZIL,N12,222x254,222x254_BZ4,M,RT,14.9,79.5
7/20/18,10/9/18,81,11.57142857,BRAZIL,N12,222x254,222x254_BZ5,F,RT,13.34,82
7/20/18,10/9/18,81,11.57142857,BRAZIL,N12,222x254,222x254_BZ7,F,COLD,12.36,74
7/20/18,10/9/18,81,11.57142857,BRAZIL,N12,222x254,222x254_BZ9,F,COLD,13.96,78
8/12/18,9/2/18,21,3,BRAZIL,N12,222x254,222x254_BZ6,M,RT,7.66,62.5
8/12/18,9/2/18,21,3,BRAZIL,N12,222x254,222x254_BZ8,M,RT,7.02,59.5
8/12/18,9/2/18,21,3,BRAZIL,N12,222x254,222x254_BZ10,M,RT,8.17,63
8/12/18,9/2/18,21,3,BRAZIL,N12,222x254,222x254_BZ11,F,RT,6.6,57
8/12/18,9/2/18,21,3,BRAZIL,N12,222x254,222x254_BZ13,F,RT,7.05,62
8/12/18,9/2/18,21,3,BRAZIL,N12,222x254,222x254_BZ15,F,RT,6.5,58.5
8/12/18,9/6/18,25,3.571428571,BRAZIL,N12,222x254,222x254_BZ6,M,RT,9.25,66
8/12/18,9/6/18,25,3.571428571,BRAZIL,N12,222x254,222x254_BZ8,M,RT,8.89,63.5
8/12/18,9/6/18,25,3.571428571,BRAZIL,N12,222x254,222x254_BZ10,M,COLD,9.5,66.5
8/12/18,9/6/18,25,3.571428571,BRAZIL,N12,222x254,222x254_BZ11,F,RT,7.93,61
8/12/18,9/6/18,25,3.571428571,BRAZIL,N12,222x254,222x254_BZ13,F,COLD,8.08,63.5
8/12/18,9/6/18,25,3.571428571,BRAZIL,N12,222x254,222x254_BZ15,F,COLD,7.52,61.5
8/12/18,9/13/18,32,4.571428571,BRAZIL,N12,222x254,222x254_BZ6,M,RT,11.58,71.5
8/12/18,9/13/18,32,4.571428571,BRAZIL,N12,222x254,222x254_BZ8,M,RT,11.28,69
8/12/18,9/13/18,32,4.571428571,BRAZIL,N12,222x254,222x254_BZ10,M,COLD,12.27,70
8/12/18,9/13/18,32,4.571428571,BRAZIL,N12,222x254,222x254_BZ11,F,RT,9.22,66
8/12/18,9/13/18,32,4.571428571,BRAZIL,N12,222x254,222x254_BZ13,F,COLD,9.92,66
8/12/18,9/13/18,32,4.571428571,BRAZIL,N12,222x254,222x254_BZ15,F,COLD,10.3,65.5
8/12/18,9/20/18,39,5.571428571,BRAZIL,N12,222x254,222x254_BZ6,M,RT,14.01,76.5
8/12/18,9/20/18,39,5.571428571,BRAZIL,N12,222x254,222x254_BZ8,M,RT,13,73
8/12/18,9/22/18,41,5.857142857,BRAZIL,N12,222x254,222x254_BZ10,M,COLD,13.73,74
8/12/18,9/20/18,39,5.571428571,BRAZIL,N12,222x254,222x254_BZ11,F,RT,10.65,69.5
8/12/18,9/22/18,41,5.857142857,BRAZIL,N12,222x254,222x254_BZ13,F,COLD,11.27,68.5
8/12/18,9/22/18,41,5.857142857,BRAZIL,N12,222x254,222x254_BZ15,F,COLD,12.69,68
8/12/18,9/27/18,46,6.571428571,BRAZIL,N12,222x254,222x254_BZ6,M,RT,15.08,78
8/12/18,9/27/18,46,6.571428571,BRAZIL,N12,222x254,222x254_BZ8,M,RT,13.3,75
8/12/18,9/27/18,46,6.571428571,BRAZIL,N12,222x254,222x254_BZ10,M,COLD,13.81,74
8/12/18,9/27/18,46,6.571428571,BRAZIL,N12,222x254,222x254_BZ11,F,RT,11.79,69.5
8/12/18,9/27/18,46,6.571428571,BRAZIL,N12,222x254,222x254_BZ13,F,COLD,12.39,68.5
8/12/18,9/27/18,46,6.571428571,BRAZIL,N12,222x254,222x254_BZ15,F,COLD,12.7,69.5
8/12/18,10/4/18,53,7.571428571,BRAZIL,N12,222x254,222x254_BZ6,M,RT,15.33,79.5
8/12/18,10/4/18,53,7.571428571,BRAZIL,N12,222x254,222x254_BZ8,M,RT,13.36,76
8/12/18,10/4/18,53,7.571428571,BRAZIL,N12,222x254,222x254_BZ10,M,COLD,13.99,74.5
8/12/18,10/4/18,53,7.571428571,BRAZIL,N12,222x254,222x254_BZ11,F,RT,12.33,73.5
8/12/18,10/4/18,53,7.571428571,BRAZIL,N12,222x254,222x254_BZ13,F,COLD,12.26,70.5
8/12/18,10/4/18,53,7.571428571,BRAZIL,N12,222x254,222x254_BZ15,F,COLD,12.58,71.5
8/12/18,10/12/18,61,8.714285714,BRAZIL,N12,222x254,222x254_BZ6,M,RT,15.5,81
8/12/18,10/12/18,61,8.714285714,BRAZIL,N12,222x254,222x254_BZ8,M,RT,13.98,76.5
8/12/18,10/12/18,61,8.714285714,BRAZIL,N12,222x254,222x254_BZ10,M,COLD,14.66,74.5
8/12/18,10/12/18,61,8.714285714,BRAZIL,N12,222x254,222x254_BZ11,F,RT,12.27,74
8/12/18,10/12/18,61,8.714285714,BRAZIL,N12,222x254,222x254_BZ13,F,COLD,12.63,72.5
8/12/18,10/12/18,61,8.714285714,BRAZIL,N12,222x254,222x254_BZ15,F,COLD,13.15,71.5
8/12/18,10/19/18,68,9.714285714,BRAZIL,N12,222x254,222x254_BZ6,M,RT,15.73,81
8/12/18,10/19/18,68,9.714285714,BRAZIL,N12,222x254,222x254_BZ8,M,RT,14.03,77
8/12/18,10/19/18,68,9.714285714,BRAZIL,N12,222x254,222x254_BZ10,M,COLD,14.72,76.5
8/12/18,10/19/18,68,9.714285714,BRAZIL,N12,222x254,222x254_BZ11,F,RT,12.13,75
8/12/18,10/19/18,68,9.714285714,BRAZIL,N12,222x254,222x254_BZ13,F,COLD,12.98,73
8/12/18,10/19/18,68,9.714285714,BRAZIL,N12,222x254,222x254_BZ15,F,COLD,12.86,71.5
8/12/18,10/27/18,76,10.85714286,BRAZIL,N12,222x254,222x254_BZ6,M,RT,15.71,81.5
8/12/18,10/27/18,76,10.85714286,BRAZIL,N12,222x254,222x254_BZ8,M,RT,14.01,77.5
8/12/18,10/27/18,76,10.85714286,BRAZIL,N12,222x254,222x254_BZ10,M,COLD,14.85,78.5
8/12/18,10/27/18,76,10.85714286,BRAZIL,N12,222x254,222x254_BZ11,F,RT,11.96,75
8/12/18,10/27/18,76,10.85714286,BRAZIL,N12,222x254,222x254_BZ13,F,COLD,13.04,73
8/12/18,10/27/18,76,10.85714286,BRAZIL,N12,222x254,222x254_BZ15,F,COLD,12.76,74
6/29/18,7/19/18,20,2.857142857,NEW_YORK,N11,19x13,19x13_NY1,F,RT,8.7,55.5
6/29/18,7/19/18,20,2.857142857,NEW_YORK,N11,19x13,19x13_NY2,M,RT,8.18,55
6/29/18,7/19/18,20,2.857142857,NEW_YORK,N11,19x13,19x13_NY3,F,RT,8.89,56
6/29/18,7/19/18,20,2.857142857,NEW_YORK,N11,19x13,19x13_NY4,M,RT,8.46,53
6/29/18,7/19/18,20,2.857142857,NEW_YORK,N11,19x13,19x13_NY5,F,RT,8.5,55.5
6/29/18,7/24/18,25,3.571428571,NEW_YORK,N11,19x13,19x13_NY1,F,RT,11.66,60
6/29/18,7/24/18,25,3.571428571,NEW_YORK,N11,19x13,19x13_NY2,M,RT,10.38,61.5
6/29/18,7/24/18,25,3.571428571,NEW_YORK,N11,19x13,19x13_NY3,F,RT,11.05,60.5
6/29/18,7/24/18,25,3.571428571,NEW_YORK,N11,19x13,19x13_NY4,M,COLD,10.58,57
6/29/18,7/24/18,25,3.571428571,NEW_YORK,N11,19x13,19x13_NY5,F,COLD,11.29,58
6/29/18,7/31/18,32,4.571428571,NEW_YORK,N11,19x13,19x13_NY1,F,RT,13.71,66.5
6/29/18,7/31/18,32,4.571428571,NEW_YORK,N11,19x13,19x13_NY2,M,RT,13.11,70
6/29/18,7/31/18,32,4.571428571,NEW_YORK,N11,19x13,19x13_NY3,F,RT,13.06,65.5
6/29/18,7/31/18,32,4.571428571,NEW_YORK,N11,19x13,19x13_NY4,M,COLD,12.35,61.5
6/29/18,7/31/18,32,4.571428571,NEW_YORK,N11,19x13,19x13_NY5,F,COLD,12.34,64
6/29/18,8/7/18,39,5.571428571,NEW_YORK,N11,19x13,19x13_NY1,F,RT,14.69,70
6/29/18,8/7/18,39,5.571428571,NEW_YORK,N11,19x13,19x13_NY2,M,RT,15.18,73
6/29/18,8/7/18,39,5.571428571,NEW_YORK,N11,19x13,19x13_NY3,F,RT,14.52,70
6/29/18,8/7/18,39,5.571428571,NEW_YORK,N11,19x13,19x13_NY4,M,COLD,14.72,64.5
6/29/18,8/7/18,39,5.571428571,NEW_YORK,N11,19x13,19x13_NY5,F,COLD,13.06,66
6/29/18,8/14/18,46,6.571428571,NEW_YORK,N11,19x13,19x13_NY1,F,RT,13.65,71
6/29/18,8/14/18,46,6.571428571,NEW_YORK,N11,19x13,19x13_NY2,M,RT,15.32,74
6/29/18,8/14/18,46,6.571428571,NEW_YORK,N11,19x13,19x13_NY3,F,RT,14.83,70
6/29/18,8/14/18,46,6.571428571,NEW_YORK,N11,19x13,19x13_NY4,M,COLD,15.16,67
6/29/18,8/14/18,46,6.571428571,NEW_YORK,N11,19x13,19x13_NY5,F,COLD,13.47,66
6/29/18,8/21/18,53,7.571428571,NEW_YORK,N11,19x13,19x13_NY1,F,RT,14.18,71.5
6/29/18,8/21/18,53,7.571428571,NEW_YORK,N11,19x13,19x13_NY2,M,RT,15.52,75
6/29/18,8/21/18,53,7.571428571,NEW_YORK,N11,19x13,19x13_NY3,F,RT,15.27,71
6/29/18,8/21/18,53,7.571428571,NEW_YORK,N11,19x13,19x13_NY4,M,COLD,15.51,68
6/29/18,8/21/18,53,7.571428571,NEW_YORK,N11,19x13,19x13_NY5,F,COLD,14.08,67.5
6/29/18,8/28/18,60,8.571428571,NEW_YORK,N11,19x13,19x13_NY1,F,RT,14.2,71.5
6/29/18,8/28/18,60,8.571428571,NEW_YORK,N11,19x13,19x13_NY2,M,RT,15.26,75.5
6/29/18,8/28/18,60,8.571428571,NEW_YORK,N11,19x13,19x13_NY3,F,RT,14.24,71
6/29/18,8/28/18,60,8.571428571,NEW_YORK,N11,19x13,19x13_NY4,M,COLD,15.28,69.5
6/29/18,8/28/18,60,8.571428571,NEW_YORK,N11,19x13,19x13_NY5,F,COLD,13.31,69.5
6/29/18,9/4/18,67,9.571428571,NEW_YORK,N11,19x13,19x13_NY1,F,RT,14.5,72
6/29/18,9/4/18,67,9.571428571,NEW_YORK,N11,19x13,19x13_NY2,M,RT,15.6,75.5
6/29/18,9/4/18,67,9.571428571,NEW_YORK,N11,19x13,19x13_NY3,F,RT,14.9,71
6/29/18,9/4/18,67,9.571428571,NEW_YORK,N11,19x13,19x13_NY4,M,COLD,16.31,70.5
6/29/18,9/4/18,67,9.571428571,NEW_YORK,N11,19x13,19x13_NY5,F,COLD,13.65,69.5
6/29/18,9/10/18,73,10.42857143,NEW_YORK,N11,19x13,19x13_NY1,F,RT,12.96,72
6/29/18,9/10/18,73,10.42857143,NEW_YORK,N11,19x13,19x13_NY2,M,RT,14.52,75.5
6/29/18,9/10/18,73,10.42857143,NEW_YORK,N11,19x13,19x13_NY3,F,RT,13.13,71
6/29/18,9/10/18,73,10.42857143,NEW_YORK,N11,19x13,19x13_NY4,M,COLD,15.3,70.5
6/29/18,9/10/18,73,10.42857143,NEW_YORK,N11,19x13,19x13_NY5,F,COLD,12.52,69.5
7/20/18,8/9/18,20,2.857142857,NEW_YORK,N11,19x13,19x13_NY7,F,RT,6.55,48
7/20/18,8/9/18,20,2.857142857,NEW_YORK,N11,19x13,19x13_NY6,M,RT,6.89,47.5
7/20/18,8/9/18,20,2.857142857,NEW_YORK,N11,19x13,19x13_NY8,M,RT,5.99,47
7/20/18,8/14/18,25,3.571428571,NEW_YORK,N11,19x13,19x13_NY7,F,COLD,9.52,53
7/20/18,8/14/18,25,3.571428571,NEW_YORK,N11,19x13,19x13_NY6,M,COLD,10.7,55
7/20/18,8/14/18,25,3.571428571,NEW_YORK,N11,19x13,19x13_NY8,M,RT,8.89,53
7/20/18,8/21/18,32,4.571428571,NEW_YORK,N11,19x13,19x13_NY7,F,COLD,12.06,57
7/20/18,8/21/18,32,4.571428571,NEW_YORK,N11,19x13,19x13_NY6,M,COLD,12.95,57.5
7/20/18,8/21/18,32,4.571428571,NEW_YORK,N11,19x13,19x13_NY8,M,RT,11.15,57.5
7/20/18,8/28/18,39,5.571428571,NEW_YORK,N11,19x13,19x13_NY7,F,COLD,13.57,61.5
7/20/18,8/28/18,39,5.571428571,NEW_YORK,N11,19x13,19x13_NY6,M,COLD,14.97,62.5
7/20/18,8/28/18,39,5.571428571,NEW_YORK,N11,19x13,19x13_NY8,M,RT,11.47,63.5
7/20/18,9/4/18,46,6.571428571,NEW_YORK,N11,19x13,19x13_NY7,F,COLD,15.5,61.5
7/20/18,9/4/18,46,6.571428571,NEW_YORK,N11,19x13,19x13_NY6,M,COLD,16.7,65.5
7/20/18,9/4/18,46,6.571428571,NEW_YORK,N11,19x13,19x13_NY8,M,RT,12.24,65.5
7/20/18,9/11/18,53,7.571428571,NEW_YORK,N11,19x13,19x13_NY7,F,COLD,16.43,69.5
7/20/18,9/11/18,53,7.571428571,NEW_YORK,N11,19x13,19x13_NY6,M,COLD,16.84,69
7/20/18,9/11/18,53,7.571428571,NEW_YORK,N11,19x13,19x13_NY8,M,RT,12.14,67
7/20/18,9/18/18,60,8.571428571,NEW_YORK,N11,19x13,19x13_NY7,F,COLD,16.47,71
7/20/18,9/18/18,60,8.571428571,NEW_YORK,N11,19x13,19x13_NY6,M,COLD,17.86,71.5
7/20/18,9/18/18,60,8.571428571,NEW_YORK,N11,19x13,19x13_NY8,M,RT,13.06,69
7/20/18,9/25/18,67,9.571428571,NEW_YORK,N11,19x13,19x13_NY7,F,COLD,16.7,73
7/20/18,9/25/18,67,9.571428571,NEW_YORK,N11,19x13,19x13_NY6,M,COLD,18.02,71.5
7/20/18,9/25/18,67,9.571428571,NEW_YORK,N11,19x13,19x13_NY8,M,RT,12.85,70.5
7/20/18,10/1/18,73,10.42857143,NEW_YORK,N11,19x13,19x13_NY7,F,COLD,16.76,73
7/20/18,10/1/18,73,10.42857143,NEW_YORK,N11,19x13,19x13_NY6,M,COLD,18.52,71.5
7/20/18,10/1/18,73,10.42857143,NEW_YORK,N11,19x13,19x13_NY8,M,RT,13,70.5
8/10/18,9/1/18,22,3.142857143,NEW_YORK,N11,19x13,19x13_NY9,F,RT,9.21,57
8/10/18,9/1/18,22,3.142857143,NEW_YORK,N11,19x13,19x13_NY10,M,RT,8.48,56.5
8/10/18,9/1/18,22,3.142857143,NEW_YORK,N11,19x13,19x13_NY12,M,RT,9.52,57
8/10/18,9/4/18,25,3.571428571,NEW_YORK,N11,19x13,19x13_NY9,F,RT,9.87,60.5
8/10/18,9/4/18,25,3.571428571,NEW_YORK,N11,19x13,19x13_NY10,M,COLD,9.77,59
8/10/18,9/4/18,25,3.571428571,NEW_YORK,N11,19x13,19x13_NY12,M,RT,10.76,58
8/10/18,9/11/18,32,4.571428571,NEW_YORK,N11,19x13,19x13_NY9,F,RT,12.33,62.5
8/10/18,9/11/18,32,4.571428571,NEW_YORK,N11,19x13,19x13_NY10,M,COLD,12.9,64
8/10/18,9/11/18,32,4.571428571,NEW_YORK,N11,19x13,19x13_NY12,M,RT,13.46,66
8/10/18,9/18/18,39,5.571428571,NEW_YORK,N11,19x13,19x13_NY9,F,RT,13.76,66.5
8/10/18,9/18/18,39,5.571428571,NEW_YORK,N11,19x13,19x13_NY10,M,COLD,15.53,67
8/10/18,9/18/18,39,5.571428571,NEW_YORK,N11,19x13,19x13_NY12,M,RT,16.53,69
8/10/18,9/25/18,46,6.571428571,NEW_YORK,N11,19x13,19x13_NY9,F,RT,14.55,69
8/10/18,9/25/18,46,6.571428571,NEW_YORK,N11,19x13,19x13_NY10,M,COLD,16.07,70
8/10/18,9/25/18,46,6.571428571,NEW_YORK,N11,19x13,19x13_NY12,M,RT,17.27,73
8/10/18,10/2/18,53,7.571428571,NEW_YORK,N11,19x13,19x13_NY9,F,RT,15.11,71
8/10/18,10/2/18,53,7.571428571,NEW_YORK,N11,19x13,19x13_NY10,M,COLD,16.07,71.5
8/10/18,10/2/18,53,7.571428571,NEW_YORK,N11,19x13,19x13_NY12,M,RT,18.76,74.5
8/10/18,10/9/18,60,8.571428571,NEW_YORK,N11,19x13,19x13_NY9,F,RT,15.13,73.5
8/10/18,10/9/18,60,8.571428571,NEW_YORK,N11,19x13,19x13_NY10,M,COLD,16.36,72.5
8/10/18,10/9/18,60,8.571428571,NEW_YORK,N11,19x13,19x13_NY12,M,RT,18.67,75.5
8/10/18,10/16/18,67,9.571428571,NEW_YORK,N11,19x13,19x13_NY9,F,RT,14.97,74
8/10/18,10/16/18,67,9.571428571,NEW_YORK,N11,19x13,19x13_NY10,M,COLD,16.33,73
8/10/18,10/16/18,67,9.571428571,NEW_YORK,N11,19x13,19x13_NY12,M,RT,19.39,76.5
8/10/18,10/22/18,73,10.42857143,NEW_YORK,N11,19x13,19x13_NY9,F,RT,14.48,74
8/10/18,10/22/18,73,10.42857143,NEW_YORK,N11,19x13,19x13_NY10,M,COLD,17.06,73
8/10/18,10/22/18,73,10.42857143,NEW_YORK,N11,19x13,19x13_NY12,M,RT,19.11,76.5
6/10/18,7/1/18,21,3,NEW_YORK,N12,82x81,82x81_NY1,F,RT,11.34,58
6/10/18,7/1/18,21,3,NEW_YORK,N12,82x81,82x81_NY2,M,RT,10.02,53
6/10/18,7/1/18,21,3,NEW_YORK,N12,82x81,82x81_NY4,M,RT,9.89,56
6/10/18,7/1/18,21,3,NEW_YORK,N12,82x81,82x81_NY6,M,RT,10.38,56
6/10/18,7/1/18,21,3,NEW_YORK,N12,82x81,82x81_NY8,M,RT,10.61,56
6/10/18,7/1/18,21,3,NEW_YORK,N12,82x81,82x81_NY10,M,RT,10.18,56
6/10/18,7/5/18,25,3.571428571,NEW_YORK,N12,82x81,82x81_NY1,F,COLD,13.63,61
6/10/18,7/5/18,25,3.571428571,NEW_YORK,N12,82x81,82x81_NY2,M,RT,12.1,62.5
6/10/18,7/5/18,25,3.571428571,NEW_YORK,N12,82x81,82x81_NY4,M,COLD,12.36,61.5
6/10/18,7/5/18,25,3.571428571,NEW_YORK,N12,82x81,82x81_NY6,M,COLD,12.56,63
6/10/18,7/5/18,25,3.571428571,NEW_YORK,N12,82x81,82x81_NY8,M,RT,12.64,62.5
6/10/18,7/5/18,25,3.571428571,NEW_YORK,N12,82x81,82x81_NY10,M,RT,13.15,62.5
6/10/18,7/12/18,32,4.571428571,NEW_YORK,N12,82x81,82x81_NY1,F,COLD,15.61,62
6/10/18,7/12/18,32,4.571428571,NEW_YORK,N12,82x81,82x81_NY2,M,RT,17.65,65
6/10/18,7/12/18,32,4.571428571,NEW_YORK,N12,82x81,82x81_NY4,M,COLD,14.23,62
6/10/18,7/12/18,32,4.571428571,NEW_YORK,N12,82x81,82x81_NY6,M,COLD,14.47,63
6/10/18,7/12/18,32,4.571428571,NEW_YORK,N12,82x81,82x81_NY8,M,RT,17.78,65.5
6/10/18,7/12/18,32,4.571428571,NEW_YORK,N12,82x81,82x81_NY10,M,RT,18.54,68
6/10/18,7/19/18,39,5.571428571,NEW_YORK,N12,82x81,82x81_NY1,F,COLD,17.39,62.5
6/10/18,7/19/18,39,5.571428571,NEW_YORK,N12,82x81,82x81_NY2,M,RT,19.36,66
6/10/18,7/19/18,39,5.571428571,NEW_YORK,N12,82x81,82x81_NY4,M,COLD,16.16,62
6/10/18,7/19/18,39,5.571428571,NEW_YORK,N12,82x81,82x81_NY6,M,COLD,15.88,64
6/10/18,7/19/18,39,5.571428571,NEW_YORK,N12,82x81,82x81_NY8,M,RT,19.86,67
6/10/18,7/19/18,39,5.571428571,NEW_YORK,N12,82x81,82x81_NY10,M,RT,19.13,68
6/10/18,7/26/18,46,6.571428571,NEW_YORK,N12,82x81,82x81_NY1,F,COLD,17.7,63
6/10/18,7/26/18,46,6.571428571,NEW_YORK,N12,82x81,82x81_NY2,M,RT,19.33,66
6/10/18,7/26/18,46,6.571428571,NEW_YORK,N12,82x81,82x81_NY4,M,COLD,16.84,62.5
6/10/18,7/26/18,46,6.571428571,NEW_YORK,N12,82x81,82x81_NY6,M,COLD,16.66,64.5
6/10/18,7/26/18,46,6.571428571,NEW_YORK,N12,82x81,82x81_NY8,M,RT,19.6,69.5
6/10/18,7/26/18,46,6.571428571,NEW_YORK,N12,82x81,82x81_NY10,M,RT,18.71,68
6/10/18,8/2/18,53,7.571428571,NEW_YORK,N12,82x81,82x81_NY1,F,COLD,16.99,64
6/10/18,8/2/18,53,7.571428571,NEW_YORK,N12,82x81,82x81_NY2,M,RT,20.35,70
6/10/18,8/2/18,53,7.571428571,NEW_YORK,N12,82x81,82x81_NY4,M,COLD,17.31,63.5
6/10/18,8/2/18,53,7.571428571,NEW_YORK,N12,82x81,82x81_NY6,M,COLD,16.58,65
6/10/18,8/2/18,53,7.571428571,NEW_YORK,N12,82x81,82x81_NY8,M,RT,19.99,71.5
6/10/18,8/2/18,53,7.571428571,NEW_YORK,N12,82x81,82x81_NY10,M,RT,18.83,69
6/10/18,8/9/18,60,8.571428571,NEW_YORK,N12,82x81,82x81_NY1,F,COLD,17.14,64
6/10/18,8/9/18,60,8.571428571,NEW_YORK,N12,82x81,82x81_NY2,M,RT,20.66,70.5
6/10/18,8/9/18,60,8.571428571,NEW_YORK,N12,82x81,82x81_NY4,M,COLD,17.77,64
6/10/18,8/9/18,60,8.571428571,NEW_YORK,N12,82x81,82x81_NY6,M,COLD,16.44,65
6/10/18,8/9/18,60,8.571428571,NEW_YORK,N12,82x81,82x81_NY8,M,RT,19.55,71.5
6/10/18,8/9/18,60,8.571428571,NEW_YORK,N12,82x81,82x81_NY10,M,RT,19.01,70
6/10/18,8/16/18,67,9.571428571,NEW_YORK,N12,82x81,82x81_NY1,F,COLD,18.02,64.5
6/10/18,8/16/18,67,9.571428571,NEW_YORK,N12,82x81,82x81_NY2,M,RT,21.68,71
6/10/18,8/16/18,67,9.571428571,NEW_YORK,N12,82x81,82x81_NY4,M,COLD,18.23,65.5
6/10/18,8/16/18,67,9.571428571,NEW_YORK,N12,82x81,82x81_NY6,M,COLD,17.67,66.5
6/10/18,8/16/18,67,9.571428571,NEW_YORK,N12,82x81,82x81_NY8,M,RT,20.95,71.5
6/10/18,8/16/18,67,9.571428571,NEW_YORK,N12,82x81,82x81_NY10,M,RT,19.7,70.5
6/10/18,8/23/18,74,10.57142857,NEW_YORK,N12,82x81,82x81_NY1,F,COLD,17.87,64.5
6/10/18,8/23/18,74,10.57142857,NEW_YORK,N12,82x81,82x81_NY2,M,RT,21.87,72
6/10/18,8/23/18,74,10.57142857,NEW_YORK,N12,82x81,82x81_NY4,M,COLD,18.74,65.5
6/10/18,8/23/18,74,10.57142857,NEW_YORK,N12,82x81,82x81_NY6,M,COLD,17.87,66.5
6/10/18,8/23/18,74,10.57142857,NEW_YORK,N12,82x81,82x81_NY8,M,RT,20.86,71.5
6/10/18,8/23/18,74,10.57142857,NEW_YORK,N12,82x81,82x81_NY10,M,RT,19.31,70.5
6/10/18,8/26/18,77,11,NEW_YORK,N12,82x81,82x81_NY1,F,COLD,18.1,64.5
6/10/18,8/26/18,77,11,NEW_YORK,N12,82x81,82x81_NY2,M,RT,21.84,72
6/10/18,8/26/18,77,11,NEW_YORK,N12,82x81,82x81_NY4,M,COLD,18.38,65.5
6/10/18,8/26/18,77,11,NEW_YORK,N12,82x81,82x81_NY6,M,COLD,18.38,66.5
6/10/18,8/26/18,77,11,NEW_YORK,N12,82x81,82x81_NY8,M,RT,21.35,71.5
6/10/18,8/26/18,77,11,NEW_YORK,N12,82x81,82x81_NY10,M,RT,19.23,70.5
7/7/18,7/27/18,20,2.857142857,NEW_YORK,N12,82x81,82x81_NY3,F,RT,10.88,57
7/7/18,7/27/18,20,2.857142857,NEW_YORK,N12,82x81,82x81_NY5,F,RT,10.87,55
7/7/18,7/27/18,20,2.857142857,NEW_YORK,N12,82x81,82x81_NY7,F,RT,10.63,55.5
7/7/18,8/1/18,25,3.571428571,NEW_YORK,N12,82x81,82x81_NY3,F,RT,13.7,61
7/7/18,8/1/18,25,3.571428571,NEW_YORK,N12,82x81,82x81_NY5,F,COLD,12.65,58.5
7/7/18,8/1/18,25,3.571428571,NEW_YORK,N12,82x81,82x81_NY7,F,RT,13.17,60
7/7/18,8/8/18,32,4.571428571,NEW_YORK,N12,82x81,82x81_NY3,F,RT,15.04,65
7/7/18,8/8/18,32,4.571428571,NEW_YORK,N12,82x81,82x81_NY5,F,COLD,15.13,62
7/7/18,8/8/18,32,4.571428571,NEW_YORK,N12,82x81,82x81_NY7,F,RT,14.52,63
7/7/18,8/15/18,39,5.571428571,NEW_YORK,N12,82x81,82x81_NY3,F,RT,16.1,66.5
7/7/18,8/15/18,39,5.571428571,NEW_YORK,N12,82x81,82x81_NY5,F,COLD,16.06,63.5
7/7/18,8/15/18,39,5.571428571,NEW_YORK,N12,82x81,82x81_NY7,F,RT,15.16,65
7/7/18,8/22/18,46,6.571428571,NEW_YORK,N12,82x81,82x81_NY3,F,RT,16.57,68
7/7/18,8/22/18,46,6.571428571,NEW_YORK,N12,82x81,82x81_NY5,F,COLD,16.28,65
7/7/18,8/22/18,46,6.571428571,NEW_YORK,N12,82x81,82x81_NY7,F,RT,15.31,65
7/7/18,8/29/18,53,7.571428571,NEW_YORK,N12,82x81,82x81_NY3,F,RT,16.57,70
7/7/18,8/29/18,53,7.571428571,NEW_YORK,N12,82x81,82x81_NY5,F,COLD,16.6,66.5
7/7/18,8/29/18,53,7.571428571,NEW_YORK,N12,82x81,82x81_NY7,F,RT,15.56,67.5
7/7/18,9/5/18,60,8.571428571,NEW_YORK,N12,82x81,82x81_NY3,F,RT,17.09,70.5
7/7/18,9/5/18,60,8.571428571,NEW_YORK,N12,82x81,82x81_NY5,F,COLD,16.42,67
7/7/18,9/5/18,60,8.571428571,NEW_YORK,N12,82x81,82x81_NY7,F,RT,16.96,67.5
7/7/18,9/13/18,68,9.714285714,NEW_YORK,N12,82x81,82x81_NY3,F,RT,16.82,71
7/7/18,9/13/18,68,9.714285714,NEW_YORK,N12,82x81,82x81_NY5,F,COLD,17.1,67
7/7/18,9/13/18,68,9.714285714,NEW_YORK,N12,82x81,82x81_NY7,F,RT,15.9,67.5
7/7/18,9/17/18,72,10.28571429,NEW_YORK,N12,82x81,82x81_NY3,F,RT,17.72,71
7/7/18,9/17/18,72,10.28571429,NEW_YORK,N12,82x81,82x81_NY5,F,COLD,17.8,67
7/7/18,9/17/18,72,10.28571429,NEW_YORK,N12,82x81,82x81_NY7,F,RT,16.61,67.5
8/19/18,9/10/18,22,3.142857143,NEW_YORK,N12,82x81,82x81_NY9,F,RT,10.13,56.5
8/19/18,9/10/18,22,3.142857143,NEW_YORK,N12,82x81,82x81_NY11,F,RT,12.06,60.5
8/19/18,9/10/18,22,3.142857143,NEW_YORK,N12,82x81,82x81_NY12,M,RT,12.83,62
8/19/18,9/10/18,22,3.142857143,NEW_YORK,N12,82x81,82x81_NY13,F,RT,11.04,59
8/19/18,9/10/18,22,3.142857143,NEW_YORK,N12,82x81,82x81_NY15,F,RT,11.56,60.5
8/19/18,9/10/18,22,3.142857143,NEW_YORK,N12,82x81,82x81_NY17,F,RT,11.59,59
8/19/18,9/13/18,25,3.571428571,NEW_YORK,N12,82x81,82x81_NY9,F,COLD,10.37,57
8/19/18,9/13/18,25,3.571428571,NEW_YORK,N12,82x81,82x81_NY11,F,COLD,13.06,62
8/19/18,9/13/18,25,3.571428571,NEW_YORK,N12,82x81,82x81_NY12,M,COLD,13.68,63.5
8/19/18,9/13/18,25,3.571428571,NEW_YORK,N12,82x81,82x81_NY13,F,RT,11.56,61
8/19/18,9/13/18,25,3.571428571,NEW_YORK,N12,82x81,82x81_NY15,F,COLD,11.78,62
8/19/18,9/13/18,25,3.571428571,NEW_YORK,N12,82x81,82x81_NY17,F,RT,11.44,60.5
8/19/18,9/22/18,34,4.857142857,NEW_YORK,N12,82x81,82x81_NY9,F,COLD,13.17,60
8/19/18,9/22/18,34,4.857142857,NEW_YORK,N12,82x81,82x81_NY11,F,COLD,15.76,66.5
8/19/18,9/22/18,34,4.857142857,NEW_YORK,N12,82x81,82x81_NY12,M,COLD,18.18,67.5
8/19/18,9/20/18,32,4.571428571,NEW_YORK,N12,82x81,82x81_NY13,F,RT,13.9,63.5
8/19/18,9/22/18,34,4.857142857,NEW_YORK,N12,82x81,82x81_NY15,F,COLD,14.7,65
8/19/18,9/20/18,32,4.571428571,NEW_YORK,N12,82x81,82x81_NY17,F,RT,13.53,64
8/19/18,9/27/18,39,5.571428571,NEW_YORK,N12,82x81,82x81_NY9,F,COLD,14.66,60
8/19/18,9/27/18,39,5.571428571,NEW_YORK,N12,82x81,82x81_NY11,F,COLD,18.05,67
8/19/18,9/27/18,39,5.571428571,NEW_YORK,N12,82x81,82x81_NY12,M,COLD,20.15,69
8/19/18,9/27/18,39,5.571428571,NEW_YORK,N12,82x81,82x81_NY13,F,RT,16.24,65
8/19/18,9/27/18,39,5.571428571,NEW_YORK,N12,82x81,82x81_NY15,F,COLD,15.75,67
8/19/18,9/27/18,39,5.571428571,NEW_YORK,N12,82x81,82x81_NY17,F,RT,15.29,66.5
8/19/18,10/4/18,46,6.571428571,NEW_YORK,N12,82x81,82x81_NY9,F,COLD,14.21,62.5
8/19/18,10/4/18,46,6.571428571,NEW_YORK,N12,82x81,82x81_NY11,F,COLD,18.45,69
8/19/18,10/4/18,46,6.571428571,NEW_YORK,N12,82x81,82x81_NY12,M,COLD,20.18,72
8/19/18,10/4/18,46,6.571428571,NEW_YORK,N12,82x81,82x81_NY13,F,RT,15.95,67
8/19/18,10/4/18,46,6.571428571,NEW_YORK,N12,82x81,82x81_NY15,F,COLD,16.42,67.5
8/19/18,10/4/18,46,6.571428571,NEW_YORK,N12,82x81,82x81_NY17,F,RT,15.23,68.5
8/19/18,10/12/18,54,7.714285714,NEW_YORK,N12,82x81,82x81_NY9,F,COLD,14.69,62
8/19/18,10/12/18,54,7.714285714,NEW_YORK,N12,82x81,82x81_NY11,F,COLD,18.09,69
8/19/18,10/12/18,54,7.714285714,NEW_YORK,N12,82x81,82x81_NY12,M,COLD,20.5,72.5
8/19/18,10/12/18,54,7.714285714,NEW_YORK,N12,82x81,82x81_NY13,F,RT,16.26,68
8/19/18,10/12/18,54,7.714285714,NEW_YORK,N12,82x81,82x81_NY15,F,COLD,16.68,69
8/19/18,10/12/18,54,7.714285714,NEW_YORK,N12,82x81,82x81_NY17,F,RT,15.99,68.5
8/19/18,10/19/18,61,8.714285714,NEW_YORK,N12,82x81,82x81_NY9,F,COLD,15.85,63.5
8/19/18,10/19/18,61,8.714285714,NEW_YORK,N12,82x81,82x81_NY11,F,COLD,18.89,71.5
8/19/18,10/19/18,61,8.714285714,NEW_YORK,N12,82x81,82x81_NY12,M,COLD,21.68,74.5
8/19/18,10/19/18,61,8.714285714,NEW_YORK,N12,82x81,82x81_NY13,F,RT,16.52,69
8/19/18,10/19/18,61,8.714285714,NEW_YORK,N12,82x81,82x81_NY15,F,COLD,17.71,70
8/19/18,10/19/18,61,8.714285714,NEW_YORK,N12,82x81,82x81_NY17,F,RT,16.62,69
8/19/18,11/3/18,76,10.85714286,NEW_YORK,N12,82x81,82x81_NY9,F,COLD,15.72,63.5
8/19/18,11/3/18,76,10.85714286,NEW_YORK,N12,82x81,82x81_NY11,F,COLD,19.59,71.5
8/19/18,11/3/18,76,10.85714286,NEW_YORK,N12,82x81,82x81_NY12,M,COLD,23.48,74.5
8/19/18,11/3/18,76,10.85714286,NEW_YORK,N12,82x81,82x81_NY13,F,RT,16.36,69
8/19/18,11/3/18,76,10.85714286,NEW_YORK,N12,82x81,82x81_NY15,F,COLD,18.88,70
8/19/18,11/3/18,76,10.85714286,NEW_YORK,N12,82x81,82x81_NY17,F,RT,16.82,70
10/5/18,10/27/18,22,3.142857143,BRAZIL,N11,193x255,193x255_BZ15,F,RT,5.11,56
10/5/18,10/30/18,25,3.571428571,BRAZIL,N11,193x255,193x255_BZ15,F,RT,5.59,56.5
10/5/18,11/6/18,32,4.571428571,BRAZIL,N11,193x255,193x255_BZ15,F,RT,6.84,62
10/5/18,11/14/18,40,5.714285714,BRAZIL,N11,193x255,193x255_BZ15,F,RT,7.86,65.5
10/5/18,11/20/18,46,6.571428571,BRAZIL,N11,193x255,193x255_BZ15,F,RT,8.74,69
10/5/18,11/28/18,54,7.714285714,BRAZIL,N11,193x255,193x255_BZ15,F,RT,9.32,73.5
10/5/18,12/5/18,61,8.714285714,BRAZIL,N11,193x255,193x255_BZ15,F,RT,9.76,73.5
10/5/18,12/12/18,68,9.714285714,BRAZIL,N11,193x255,193x255_BZ15,F,RT,10.22,75
10/5/18,10/27/18,22,3.142857143,BRAZIL,N11,193x255,193x255_BZ16,M,RT,8.14,68
10/5/18,10/30/18,25,3.571428571,BRAZIL,N11,193x255,193x255_BZ16,M,RT,8.6,69.5
10/5/18,11/6/18,32,4.571428571,BRAZIL,N11,193x255,193x255_BZ16,M,RT,10.73,73
10/5/18,11/14/18,40,5.714285714,BRAZIL,N11,193x255,193x255_BZ16,M,RT,11.5,77.5
10/5/18,11/20/18,46,6.571428571,BRAZIL,N11,193x255,193x255_BZ16,M,RT,12,81
10/5/18,11/28/18,54,7.714285714,BRAZIL,N11,193x255,193x255_BZ16,M,RT,12.81,82.5
10/5/18,12/5/18,61,8.714285714,BRAZIL,N11,193x255,193x255_BZ16,M,RT,13.27,84
10/5/18,12/12/18,68,9.714285714,BRAZIL,N11,193x255,193x255_BZ16,M,RT,13.17,84
10/5/18,10/27/18,22,3.142857143,BRAZIL,N11,193x255,193x255_BZ17,F,RT,6.02,56.5
10/5/18,10/30/18,25,3.571428571,BRAZIL,N11,193x255,193x255_BZ17,F,COLD,6.12,60.5
10/5/18,11/6/18,32,4.571428571,BRAZIL,N11,193x255,193x255_BZ17,F,COLD,7.51,62.5
10/5/18,11/14/18,40,5.714285714,BRAZIL,N11,193x255,193x255_BZ17,F,COLD,8.24,65.5
10/5/18,11/20/18,46,6.571428571,BRAZIL,N11,193x255,193x255_BZ17,F,COLD,8.92,67
10/5/18,11/28/18,54,7.714285714,BRAZIL,N11,193x255,193x255_BZ17,F,COLD,9.07,68.5
10/5/18,12/5/18,61,8.714285714,BRAZIL,N11,193x255,193x255_BZ17,F,COLD,9.55,69
10/5/18,12/12/18,68,9.714285714,BRAZIL,N11,193x255,193x255_BZ17,F,COLD,9.79,69.5
10/29/18,11/19/18,21,3,BRAZIL,N11,193x255,193x255_BZ19,F,COLD,6.36,
10/29/18,11/24/18,26,3.714285714,BRAZIL,N11,193x255,193x255_BZ19,F,COLD,7.26,62
10/29/18,12/2/18,34,4.857142857,BRAZIL,N11,193x255,193x255_BZ19,F,COLD,8.72,64.5
10/29/18,12/16/18,48,6.857142857,BRAZIL,N11,193x255,193x255_BZ19,F,COLD,9.94,67.5
10/29/18,12/29/18,61,8.714285714,BRAZIL,N11,193x255,193x255_BZ19,F,COLD,10.03,70
10/29/18,1/10/19,73,10.42857143,BRAZIL,N11,193x255,193x255_BZ19,F,COLD,10.72,
10/29/18,1/16/19,79,11.28571429,BRAZIL,N11,193x255,193x255_BZ19,F,COLD,10.86,71
10/29/18,11/19/18,21,3,BRAZIL,N11,193x255,193x255_BZ21,F,COLD,6.6,
10/29/18,11/24/18,26,3.714285714,BRAZIL,N11,193x255,193x255_BZ21,F,COLD,7.6,63.5
10/29/18,12/2/18,34,4.857142857,BRAZIL,N11,193x255,193x255_BZ21,F,COLD,9.26,65
10/29/18,12/16/18,48,6.857142857,BRAZIL,N11,193x255,193x255_BZ21,F,COLD,11.85,70.5
10/29/18,12/29/18,61,8.714285714,BRAZIL,N11,193x255,193x255_BZ21,F,COLD,11.32,72.5
10/29/18,1/10/19,73,10.42857143,BRAZIL,N11,193x255,193x255_BZ21,F,COLD,11.91,
10/29/18,1/16/19,79,11.28571429,BRAZIL,N11,193x255,193x255_BZ21,F,COLD,11.83,73
10/29/18,11/19/18,21,3,BRAZIL,N11,193x255,193x255_BZ23,F,RT,7.27,
10/29/18,11/24/18,26,3.714285714,BRAZIL,N11,193x255,193x255_BZ23,F,RT,8.14,61.5
10/29/18,12/2/18,34,4.857142857,BRAZIL,N11,193x255,193x255_BZ23,F,RT,9.22,66.5
10/29/18,12/16/18,48,6.857142857,BRAZIL,N11,193x255,193x255_BZ23,F,RT,11.13,73.5
10/29/18,12/29/18,61,8.714285714,BRAZIL,N11,193x255,193x255_BZ23,F,RT,11.63,77
10/29/18,1/10/19,73,10.42857143,BRAZIL,N11,193x255,193x255_BZ23,F,RT,11.44,
10/29/18,1/16/19,79,11.28571429,BRAZIL,N11,193x255,193x255_BZ23,F,RT,11.79,77.5
11/23/18,12/16/18,23,3.285714286,BRAZIL,N11,193x255,193x255_BZ18,M,RT,6.23,
11/23/18,12/18/18,25,3.571428571,BRAZIL,N11,193x255,193x255_BZ18,M,RT,6.29,61.5
11/23/18,1/1/19,39,5.571428571,BRAZIL,N11,193x255,193x255_BZ18,M,RT,9.76,70
11/23/18,1/9/19,47,6.714285714,BRAZIL,N11,193x255,193x255_BZ18,M,RT,10.31,75.5
11/23/18,1/16/19,54,7.714285714,BRAZIL,N11,193x255,193x255_BZ18,M,RT,10.38,75.5
11/23/18,1/31/19,69,9.857142857,BRAZIL,N11,193x255,193x255_BZ18,M,RT,10.91,
11/23/18,2/2/19,71,10.14285714,BRAZIL,N11,193x255,193x255_BZ18,M,RT,10.92,80
11/23/18,12/16/18,23,3.285714286,BRAZIL,N11,193x255,193x255_BZ20,M,COLD,6.72,
11/23/18,12/18/18,25,3.571428571,BRAZIL,N11,193x255,193x255_BZ20,M,COLD,6.81,64
11/23/18,1/1/19,39,5.571428571,BRAZIL,N11,193x255,193x255_BZ20,M,COLD,11.28,68
11/23/18,1/9/19,47,6.714285714,BRAZIL,N11,193x255,193x255_BZ20,M,COLD,11.2,69
11/23/18,1/16/19,54,7.714285714,BRAZIL,N11,193x255,193x255_BZ20,M,COLD,11.35,72.5
11/23/18,1/31/19,69,9.857142857,BRAZIL,N11,193x255,193x255_BZ20,M,COLD,12.18,
11/23/18,2/2/19,71,10.14285714,BRAZIL,N11,193x255,193x255_BZ20,M,COLD,12.29,74
11/23/18,12/16/18,23,3.285714286,BRAZIL,N11,193x255,193x255_BZ25,F,COLD,6.9,
11/23/18,12/18/18,25,3.571428571,BRAZIL,N11,193x255,193x255_BZ25,F,COLD,7.24,65.5
11/23/18,1/1/19,39,5.571428571,BRAZIL,N11,193x255,193x255_BZ25,F,COLD,10.54,67.5
11/23/18,1/9/19,47,6.714285714,BRAZIL,N11,193x255,193x255_BZ25,F,COLD,11.13,72
11/23/18,1/16/19,54,7.714285714,BRAZIL,N11,193x255,193x255_BZ25,F,COLD,10.92,73.5
11/23/18,1/31/19,69,9.857142857,BRAZIL,N11,193x255,193x255_BZ25,F,COLD,11.72,
11/23/18,2/2/19,71,10.14285714,BRAZIL,N11,193x255,193x255_BZ25,F,COLD,11.62,75.5
11/23/18,12/16/18,23,3.285714286,BRAZIL,N11,193x255,193x255_BZ27,F,RT,7.56,
11/23/18,12/18/18,25,3.571428571,BRAZIL,N11,193x255,193x255_BZ27,F,RT,7.71,67
11/23/18,1/1/19,39,5.571428571,BRAZIL,N11,193x255,193x255_BZ27,F,RT,10.01,74
11/23/18,1/9/19,47,6.714285714,BRAZIL,N11,193x255,193x255_BZ27,F,RT,11.16,77.5
11/23/18,1/16/19,54,7.714285714,BRAZIL,N11,193x255,193x255_BZ27,F,RT,11.63,78
11/23/18,1/31/19,69,9.857142857,BRAZIL,N11,193x255,193x255_BZ27,F,RT,11.66,
11/23/18,2/2/19,71,10.14285714,BRAZIL,N11,193x255,193x255_BZ27,F,RT,10.87,80.5
11/23/18,12/16/18,23,3.285714286,BRAZIL,N11,193x255,193x255_BZ29,F,COLD,6.78,
11/23/18,12/18/18,25,3.571428571,BRAZIL,N11,193x255,193x255_BZ29,F,COLD,6.73,
11/23/18,1/1/19,39,5.571428571,BRAZIL,N11,193x255,193x255_BZ29,F,COLD,9.89,
11/23/18,1/9/19,47,6.714285714,BRAZIL,N11,193x255,193x255_BZ29,F,COLD,10.83,
11/23/18,1/16/19,54,7.714285714,BRAZIL,N11,193x255,193x255_BZ29,F,COLD,10.67,
11/23/18,1/31/19,69,9.857142857,BRAZIL,N11,193x255,193x255_BZ29,F,COLD,11.53,
11/23/18,2/2/19,71,10.14285714,BRAZIL,N11,193x255,193x255_BZ29,F,COLD,11.34,73
1/8/19,2/2/19,25,3.571428571,BRAZIL,N11,193x255,193x255_BZ22,M,RT,6.96,59
1/8/19,2/16/19,39,5.571428571,BRAZIL,N11,193x255,193x255_BZ22,M,RT,11.01,71
1/8/19,2/25/19,48,6.857142857,BRAZIL,N11,193x255,193x255_BZ22,M,RT,11.34,75
1/8/19,3/4/19,55,7.857142857,BRAZIL,N11,193x255,193x255_BZ22,M,RT,12.05,75
1/8/19,3/17/19,68,9.714285714,BRAZIL,N11,193x255,193x255_BZ22,M,RT,12.52,79
11/13/18,12/5/18,22,3.142857143,BRAZIL,N11,19x13,19x13_NY11,F,COLD,7.24,48
11/13/18,12/8/18,25,3.571428571,BRAZIL,N11,19x13,19x13_NY11,F,COLD,9.04,50.5
11/13/18,12/16/18,33,4.714285714,NEW_YORK,N11,19x13,19x13_NY11,F,COLD,12.04,56.5
11/13/18,12/29/18,46,6.571428571,NEW_YORK,N11,19x13,19x13_NY11,F,COLD,14.49,63.5
11/13/18,1/12/19,60,8.571428571,NEW_YORK,N11,19x13,19x13_NY11,F,COLD,14.92,67.5
11/13/18,1/21/19,69,9.857142857,NEW_YORK,N11,19x13,19x13_NY11,F,COLD,15.39,69
11/13/18,1/26/19,74,10.57142857,NEW_YORK,N11,19x13,19x13_NY11,F,COLD,14.6,69
11/13/18,12/5/18,22,3.142857143,NEW_YORK,N11,19x13,19x13_NY13,F,COLD,6.93,48
11/13/18,12/8/18,25,3.571428571,NEW_YORK,N11,19x13,19x13_NY13,F,COLD,8.77,49
11/13/18,12/16/18,33,4.714285714,NEW_YORK,N11,19x13,19x13_NY13,F,COLD,11.26,55
11/13/18,12/29/18,46,6.571428571,NEW_YORK,N11,19x13,19x13_NY13,F,COLD,13.34,62.5
11/13/18,1/12/19,60,8.571428571,NEW_YORK,N11,19x13,19x13_NY13,F,COLD,13.57,64.5
11/13/18,1/21/19,69,9.857142857,NEW_YORK,N11,19x13,19x13_NY13,F,COLD,14.36,66
11/13/18,1/26/19,74,10.57142857,NEW_YORK,N11,19x13,19x13_NY13,F,COLD,13.62,66
11/13/18,12/5/18,22,3.142857143,NEW_YORK,N11,19x13,19x13_NY14,M,COLD,7.04,48
11/13/18,12/8/18,25,3.571428571,NEW_YORK,N11,19x13,19x13_NY14,M,COLD,9.38,51.5
11/13/18,12/16/18,33,4.714285714,NEW_YORK,N11,19x13,19x13_NY14,M,COLD,12.35,56
11/13/18,12/29/18,46,6.571428571,NEW_YORK,N11,19x13,19x13_NY14,M,COLD,15.13,65
11/13/18,1/12/19,60,8.571428571,NEW_YORK,N11,19x13,19x13_NY14,M,COLD,15.58,68.5
11/13/18,1/21/19,69,9.857142857,NEW_YORK,N11,19x13,19x13_NY14,M,COLD,15.75,69.5
11/13/18,1/26/19,74,10.57142857,NEW_YORK,N11,19x13,19x13_NY14,M,COLD,15.52,69.5
11/13/18,12/5/18,22,3.142857143,NEW_YORK,N11,19x13,19x13_NY15,F,RT,6.77,46.5
11/13/18,12/8/18,25,3.571428571,NEW_YORK,N11,19x13,19x13_NY15,F,RT,7.9,49.5
11/13/18,12/16/18,33,4.714285714,NEW_YORK,N11,19x13,19x13_NY15,F,RT,9.87,57
11/13/18,12/29/18,46,6.571428571,NEW_YORK,N11,19x13,19x13_NY15,F,RT,10.81,65
11/13/18,1/12/19,60,8.571428571,NEW_YORK,N11,19x13,19x13_NY15,F,RT,12.52,66.5
11/13/18,1/21/19,69,9.857142857,NEW_YORK,N11,19x13,19x13_NY15,F,RT,12.55,67.5
11/13/18,1/26/19,74,10.57142857,NEW_YORK,N11,19x13,19x13_NY15,F,RT,11.32,67.5
12/30/18,1/25/19,26,3.714285714,NEW_YORK,N11,19x13,19x13_NY16,M,COLD,9.91,53.5
12/30/18,1/31/19,32,4.571428571,NEW_YORK,N11,19x13,19x13_NY16,M,COLD,12.85,58.5
12/30/18,2/8/19,40,5.714285714,NEW_YORK,N11,19x13,19x13_NY16,M,COLD,15.08,63
12/30/18,2/16/19,48,6.857142857,NEW_YORK,N11,19x13,19x13_NY16,M,COLD,15.25,60
12/30/18,2/28/19,60,8.571428571,NEW_YORK,N11,19x13,19x13_NY16,M,COLD,15.85,67.5
12/30/18,3/8/19,68,9.714285714,NEW_YORK,N11,19x13,19x13_NY16,M,COLD,16.61,68
12/30/18,3/17/19,77,11,NEW_YORK,N11,19x13,19x13_NY16,M,COLD,16.2,68
12/30/18,1/25/19,26,3.714285714,NEW_YORK,N11,19x13,19x13_NY17,F,COLD,8.61,53.5
12/30/18,1/31/19,32,4.571428571,NEW_YORK,N11,19x13,19x13_NY17,F,COLD,10.04,55
12/30/18,2/8/19,40,5.714285714,NEW_YORK,N11,19x13,19x13_NY17,F,COLD,11.25,58
12/30/18,2/16/19,48,6.857142857,NEW_YORK,N11,19x13,19x13_NY17,F,COLD,12.35,59
12/30/18,2/28/19,60,8.571428571,NEW_YORK,N11,19x13,19x13_NY17,F,COLD,12.46,64
12/30/18,3/8/19,68,9.714285714,NEW_YORK,N11,19x13,19x13_NY17,F,COLD,13.03,65
12/30/18,3/17/19,77,11,NEW_YORK,N11,19x13,19x13_NY17,F,COLD,12.78,66.5
12/30/18,1/25/19,26,3.714285714,NEW_YORK,N11,19x13,19x13_NY18,M,RT,9.32,53.5
12/30/18,1/31/19,32,4.571428571,NEW_YORK,N11,19x13,19x13_NY18,M,RT,11.16,58
12/30/18,2/8/19,40,5.714285714,NEW_YORK,N11,19x13,19x13_NY18,M,RT,13.46,62.5
12/30/18,2/16/19,48,6.857142857,NEW_YORK,N11,19x13,19x13_NY18,M,RT,15.14,65.5
12/30/18,2/28/19,60,8.571428571,NEW_YORK,N11,19x13,19x13_NY18,M,RT,16.37,69
12/30/18,3/8/19,68,9.714285714,NEW_YORK,N11,19x13,19x13_NY18,M,RT,16.98,69
12/30/18,3/17/19,77,11,NEW_YORK,N11,19x13,19x13_NY18,M,RT,16,69
2/4/19,3/2/19,26,3.714285714,NEW_YORK,N14,19x13,19x13_NY19,F,COLD,10.14,64
2/4/19,3/8/19,32,4.571428571,NEW_YORK,N14,19x13,19x13_NY19,F,COLD,12.39,66
2/4/19,3/17/19,41,5.857142857,NEW_YORK,N14,19x13,19x13_NY19,F,COLD,13.98,68
2/4/19,4/5/19,60,8.571428571,NEW_YORK,N14,19x13,19x13_NY19,F,COLD,15.02,71.5
2/4/19,4/20/19,75,10.71428571,NEW_YORK,N14,19x13,19x13_NY19,F,COLD,15.13,73
2/4/19,3/2/19,26,3.714285714,NEW_YORK,N14,19x13,19x13_NY20,M,COLD,11.3,66
2/4/19,3/8/19,32,4.571428571,NEW_YORK,N14,19x13,19x13_NY20,M,COLD,15.04,68.5
2/4/19,3/17/19,41,5.857142857,NEW_YORK,N14,19x13,19x13_NY20,M,COLD,17.58,73
2/4/19,4/5/19,60,8.571428571,NEW_YORK,N14,19x13,19x13_NY20,M,COLD,19.34,77
2/4/19,4/27/19,82,11.71428571,NEW_YORK,N14,19x13,19x13_NY20,M,COLD,21.3,77
2/4/19,3/2/19,26,3.714285714,NEW_YORK,N14,19x13,19x13_NY21,F,RT,10.94,66.5
2/4/19,3/8/19,32,4.571428571,NEW_YORK,N14,19x13,19x13_NY21,F,RT,12.29,68
2/4/19,3/17/19,41,5.857142857,NEW_YORK,N14,19x13,19x13_NY21,F,RT,12.12,70
2/4/19,4/5/19,60,8.571428571,NEW_YORK,N14,19x13,19x13_NY21,F,RT,15.39,73.5
2/4/19,4/20/19,75,10.71428571,NEW_YORK,N14,19x13,19x13_NY21,F,RT,14.83,74
2/4/19,3/2/19,26,3.714285714,NEW_YORK,N14,19x13,19x13_NY22,M,RT,10.76,65.5
2/4/19,3/8/19,32,4.571428571,NEW_YORK,N14,19x13,19x13_NY22,M,RT,12.46,67.5
2/4/19,3/17/19,41,5.857142857,NEW_YORK,N14,19x13,19x13_NY22,M,RT,14.82,71.5
2/4/19,4/5/19,60,8.571428571,NEW_YORK,N14,19x13,19x13_NY22,M,RT,17.07,74
2/4/19,4/27/19,82,11.71428571,NEW_YORK,N14,19x13,19x13_NY22,M,RT,17.54,75.5
12/18/18,1/12/19,25,3.571428571,BRAZIL,N11,193x255,193x255_BZ31,F,RT,7,64
12/18/18,1/21/19,34,4.857142857,BRAZIL,N11,193x255,193x255_BZ31,F,RT,8.66,70.5
12/18/18,1/26/19,39,5.571428571,BRAZIL,N11,193x255,193x255_BZ31,F,RT,9.4,73.5
12/18/18,2/2/19,46,6.571428571,BRAZIL,N11,193x255,193x255_BZ31,F,RT,9.43,74.5
12/18/18,2/16/19,60,8.571428571,BRAZIL,N11,193x255,193x255_BZ31,F,RT,10.12,75.5
12/18/18,2/25/19,69,9.857142857,BRAZIL,N11,193x255,193x255_BZ31,F,RT,11.71,76
12/18/18,3/2/19,74,10.57142857,BRAZIL,N11,193x255,193x255_BZ31,F,RT,11.61,79
12/18/18,1/12/19,25,3.571428571,BRAZIL,N11,193x255,193x255_BZ33,F,COLD,7.13,58.5
12/18/18,1/21/19,34,4.857142857,BRAZIL,N11,193x255,193x255_BZ33,F,COLD,9.75,65
12/18/18,1/26/19,39,5.571428571,BRAZIL,N11,193x255,193x255_BZ33,F,COLD,10.33,66.5
12/18/18,2/2/19,46,6.571428571,BRAZIL,N11,193x255,193x255_BZ33,F,COLD,10.29,70
12/18/18,2/16/19,60,8.571428571,BRAZIL,N11,193x255,193x255_BZ33,F,COLD,11.68,
12/18/18,2/25/19,69,9.857142857,BRAZIL,N11,193x255,193x255_BZ33,F,COLD,11.11,
12/18/18,3/2/19,74,10.57142857,BRAZIL,N11,193x255,193x255_BZ33,F,COLD,11.81,71
2/1/19,2/27/19,26,3.714285714,BRAZIL,N11,193x255,193x255_BZ26,M,COLD,7.19,65
2/1/19,3/5/19,32,4.571428571,BRAZIL,N11,193x255,193x255_BZ26,M,COLD,8.68,65.5
2/1/19,3/14/19,41,5.857142857,BRAZIL,N11,193x255,193x255_BZ26,M,COLD,10.3,67
2/1/19,3/26/19,53,7.571428571,BRAZIL,N11,193x255,193x255_BZ26,M,COLD,11.47,72
2/1/19,4/2/19,60,8.571428571,BRAZIL,N11,193x255,193x255_BZ26,M,COLD,12.18,72
2/1/19,4/18/19,76,10.85714286,BRAZIL,N11,193x255,193x255_BZ26,M,COLD,12.12,
2/1/19,4/22/19,80,11.42857143,BRAZIL,N11,193x255,193x255_BZ26,M,COLD,12.87,72.5
2/1/19,2/27/19,26,3.714285714,BRAZIL,N11,193x255,193x255_BZ28,M,COLD,7.91,63.5
2/1/19,3/5/19,32,4.571428571,BRAZIL,N11,193x255,193x255_BZ28,M,COLD,9.5,65
2/1/19,3/14/19,41,5.857142857,BRAZIL,N11,193x255,193x255_BZ28,M,COLD,11.11,68.5
2/1/19,3/26/19,53,7.571428571,BRAZIL,N11,193x255,193x255_BZ28,M,COLD,11.86,71
2/1/19,4/2/19,60,8.571428571,BRAZIL,N11,193x255,193x255_BZ28,M,COLD,12.82,74.5
2/1/19,4/18/19,76,10.85714286,BRAZIL,N11,193x255,193x255_BZ28,M,COLD,13.88,
2/1/19,4/21/19,79,11.28571429,BRAZIL,N11,193x255,193x255_BZ28,M,COLD,14.05,75
2/1/19,2/27/19,26,3.714285714,BRAZIL,N11,193x255,193x255_BZ30,M,RT,8.12,69
2/1/19,3/5/19,32,4.571428571,BRAZIL,N11,193x255,193x255_BZ30,M,RT,9.79,71.5
2/1/19,3/14/19,41,5.857142857,BRAZIL,N11,193x255,193x255_BZ30,M,RT,11.06,76.5
2/1/19,3/26/19,53,7.571428571,BRAZIL,N11,193x255,193x255_BZ30,M,RT,11.63,81
2/1/19,4/2/19,60,8.571428571,BRAZIL,N11,193x255,193x255_BZ30,M,RT,12.58,82
2/1/19,4/18/19,76,10.85714286,BRAZIL,N11,193x255,193x255_BZ30,M,RT,13.93,
2/1/19,4/21/19,79,11.28571429,BRAZIL,N11,193x255,193x255_BZ30,M,RT,14.05,83
4/6/19,5/1/19,25,3.571428571,NEW_YORK,N12,19x13,19x13_NY23,F,COLD,10.29,63.5
4/6/19,5/10/19,34,4.857142857,NEW_YORK,N12,19x13,19x13_NY23,F,COLD,14.61,69
4/6/19,5/16/19,40,5.714285714,NEW_YORK,N12,19x13,19x13_NY23,F,COLD,16,71
4/6/19,5/22/19,46,6.571428571,NEW_YORK,N12,19x13,19x13_NY23,F,COLD,15.98,72
4/6/19,5/30/19,54,7.714285714,NEW_YORK,N12,19x13,19x13_NY23,F,COLD,15.71,73.5
4/6/19,6/20/19,75,10.71428571,NEW_YORK,N12,19x13,19x13_NY23,F,COLD,16.69,74.5
4/6/19,5/1/19,25,3.571428571,NEW_YORK,N12,19x13,19x13_NY24,M,RT,10.69,57.5
4/6/19,5/10/19,34,4.857142857,NEW_YORK,N12,19x13,19x13_NY24,M,RT,15.6,70.5
4/6/19,5/16/19,40,5.714285714,NEW_YORK,N12,19x13,19x13_NY24,M,RT,17.12,71.5
4/6/19,5/22/19,46,6.571428571,NEW_YORK,N12,19x13,19x13_NY24,M,RT,15.81,70.5
4/6/19,5/30/19,54,7.714285714,NEW_YORK,N12,19x13,19x13_NY24,M,RT,16.44,73
4/6/19,6/18/19,73,10.42857143,NEW_YORK,N12,19x13,19x13_NY24,M,RT,17.95,73
4/6/19,5/1/19,25,3.571428571,NEW_YORK,N12,19x13,19x13_NY25,F,RT,8.93,59
4/6/19,5/10/19,34,4.857142857,NEW_YORK,N12,19x13,19x13_NY25,F,RT,12.28,66.5
4/6/19,5/16/19,40,5.714285714,NEW_YORK,N12,19x13,19x13_NY25,F,RT,13.09,67.5
4/6/19,5/22/19,46,6.571428571,NEW_YORK,N12,19x13,19x13_NY25,F,RT,12.86,68.5
4/6/19,5/30/19,54,7.714285714,NEW_YORK,N12,19x13,19x13_NY25,F,RT,13.12,68.5
4/6/19,6/20/19,75,10.71428571,NEW_YORK,N12,19x13,19x13_NY25,F,RT,14.08,70.5
4/6/19,5/1/19,25,3.571428571,NEW_YORK,N12,19x13,19x13_NY26,M,COLD,10.61,65
4/6/19,5/10/19,34,4.857142857,NEW_YORK,N12,19x13,19x13_NY26,M,COLD,12.99,68
4/6/19,5/16/19,40,5.714285714,NEW_YORK,N12,19x13,19x13_NY26,M,COLD,13.82,69
4/6/19,5/22/19,46,6.571428571,NEW_YORK,N12,19x13,19x13_NY26,M,COLD,14.65,70.5
4/6/19,5/30/19,54,7.714285714,NEW_YORK,N12,19x13,19x13_NY26,M,COLD,14.98,72
4/6/19,6/18/19,73,10.42857143,NEW_YORK,N12,19x13,19x13_NY26,M,COLD,17.3,73
4/17/19,5/13/19,26,3.714285714,BRAZIL,N13,193x255,193x255_BZ37,F,RT,7.25,60.5
4/17/19,5/21/19,34,4.857142857,BRAZIL,N13,193x255,193x255_BZ37,F,RT,9.55,
4/17/19,5/28/19,41,5.857142857,BRAZIL,N13,193x255,193x255_BZ37,F,RT,10.29,70
4/17/19,5/28/19,41,5.857142857,BRAZIL,N13,193x255,193x255_BZ37,F,RT,12.21,77
4/17/19,5/13/19,26,3.714285714,BRAZIL,N13,193x255,193x255_BZ39,F,COLD,7.07,62
4/17/19,5/21/19,34,4.857142857,BRAZIL,N13,193x255,193x255_BZ39,F,COLD,9.18,
4/17/19,5/28/19,41,5.857142857,BRAZIL,N13,193x255,193x255_BZ39,F,COLD,11.18,68
4/17/19,5/28/19,41,5.857142857,BRAZIL,N13,193x255,193x255_BZ39,F,COLD,13.47,75.5
4/19/19,5/14/19,25,3.571428571,NEW_YORK,N14,19x13,19x13_NY27,F,COLD,12.42,66
4/19/19,5/21/19,32,4.571428571,NEW_YORK,N14,19x13,19x13_NY27,F,COLD,14.04,70.5
4/19/19,5/28/19,39,5.571428571,NEW_YORK,N14,19x13,19x13_NY27,F,COLD,16.33,71
4/19/19,7/6/19,78,11.14285714,NEW_YORK,N14,19x13,19x13_NY27,F,COLD,18.7,76.5
4/19/19,5/14/19,25,3.571428571,NEW_YORK,N14,19x13,19x13_NY28,M,RT,11.56,64.5
4/19/19,5/21/19,32,4.571428571,NEW_YORK,N14,19x13,19x13_NY28,M,RT,14.6,71
4/19/19,5/28/19,39,5.571428571,NEW_YORK,N14,19x13,19x13_NY28,M,RT,15,74
4/19/19,7/6/19,78,11.14285714,NEW_YORK,N14,19x13,19x13_NY28,M,RT,17.91,76
4/19/19,5/14/19,25,3.571428571,NEW_YORK,N14,19x13,19x13_NY29,F,RT,10.22,62
4/19/19,5/21/19,32,4.571428571,NEW_YORK,N14,19x13,19x13_NY29,F,RT,12.98,67
4/19/19,5/28/19,39,5.571428571,NEW_YORK,N14,19x13,19x13_NY29,F,RT,13.28,71
4/19/19,7/6/19,78,11.14285714,NEW_YORK,N14,19x13,19x13_NY29,F,RT,14.97,73.5
4/19/19,5/14/19,25,3.571428571,NEW_YORK,N14,19x13,19x13_NY31,F,RT,10.64,64
4/19/19,5/21/19,32,4.571428571,NEW_YORK,N14,19x13,19x13_NY31,F,RT,12.85,69.5
4/19/19,5/28/19,39,5.571428571,NEW_YORK,N14,19x13,19x13_NY31,F,RT,12.94,71.5
4/19/19,7/6/19,78,11.14285714,NEW_YORK,N14,19x13,19x13_NY31,F,RT,14.78,73
4/19/19,5/14/19,25,3.571428571,NEW_YORK,N14,19x13,19x13_NY30,M,RT,10.16,62
4/19/19,5/21/19,32,4.571428571,NEW_YORK,N14,19x13,19x13_NY30,M,RT,13.3,67
4/19/19,5/28/19,39,5.571428571,NEW_YORK,N14,19x13,19x13_NY30,M,RT,15.13,70
4/19/19,7/19/19,91,13,NEW_YORK,N14,19x13,19x13_NY30,M,RT,18.26,73
4/17/19,5/13/19,26,3.714285714,BRAZIL,N13,193x255,193x255_BZ35,F,RT,6.24,
4/17/19,5/21/19,34,4.857142857,BRAZIL,N13,193x255,193x255_BZ35,F,RT,8.13,
4/17/19,5/28/19,41,5.857142857,BRAZIL,N13,193x255,193x255_BZ35,F,RT,8.94,
4/17/19,7/17/19,91,13,BRAZIL,N13,193x255,193x255_BZ35,F,RT,11.37,
4/22/19,5/17/19,25,3.571428571,BRAZIL,N13,193x255,193x255_BZ36,M,RT,6.29,59.5
4/22/19,5/25/19,33,4.714285714,BRAZIL,N13,193x255,193x255_BZ36,M,RT,8.61,66
4/22/19,7/17/19,86,12.28571429,BRAZIL,N13,193x255,193x255_BZ36,M,RT,11.8,79.5
4/22/19,5/17/19,25,3.571428571,BRAZIL,N13,193x255,193x255_BZ41,F,COLD,5.57,56.5
4/22/19,5/25/19,33,4.714285714,BRAZIL,N13,193x255,193x255_BZ41,F,COLD,7.62,60
4/22/19,7/17/19,86,12.28571429,BRAZIL,N13,193x255,193x255_BZ41,F,COLD,11.74,71
4/22/19,5/17/19,25,3.571428571,BRAZIL,N13,193x255,193x255_BZ43,F,RT,6.26,60.5
4/22/19,5/25/19,33,4.714285714,BRAZIL,N13,193x255,193x255_BZ43,F,RT,8.81,65
4/22/19,7/17/19,86,12.28571429,BRAZIL,N13,193x255,193x255_BZ43,F,RT,11.23,78
4/22/19,5/17/19,25,3.571428571,BRAZIL,N13,193x255,193x255_BZ34,M,RT,6.14,60.5
4/22/19,5/25/19,33,4.714285714,BRAZIL,N13,193x255,193x255_BZ34,M,RT,9.39,66
4/22/19,7/7/19,76,10.85714286,BRAZIL,N13,193x255,193x255_BZ34,M,RT,13.89,80
4/22/19,5/17/19,25,3.571428571,BRAZIL,N13,193x255,193x255_BZ38,M,COLD,6.04,61
4/22/19,5/25/19,33,4.714285714,BRAZIL,N13,193x255,193x255_BZ38,M,COLD,8.35,62
4/22/19,7/7/19,76,10.85714286,BRAZIL,N13,193x255,193x255_BZ38,M,COLD,13.59,72
4/28/19,5/23/19,25,3.571428571,NEW_YORK,N12,19x13,19x13_NY32,M,COLD,9.63,60.5
4/28/19,5/30/19,32,4.571428571,NEW_YORK,N12,19x13,19x13_NY32,M,COLD,13.56,67
4/28/19,6/12/19,45,6.428571429,NEW_YORK,N12,19x13,19x13_NY32,M,COLD,17.52,
4/28/19,7/19/19,82,11.71428571,NEW_YORK,N12,19x13,19x13_NY32,M,COLD,17.44,73
4/28/19,5/23/19,25,3.571428571,NEW_YORK,N12,19x13,19x13_NY33,F,RT,10.62,61
4/28/19,5/30/19,32,4.571428571,NEW_YORK,N12,19x13,19x13_NY33,F,RT,12.61,65
4/28/19,6/12/19,45,6.428571429,NEW_YORK,N12,19x13,19x13_NY33,F,RT,14.24,
4/28/19,7/19/19,82,11.71428571,NEW_YORK,N12,19x13,19x13_NY33,F,RT,17.23,72
4/28/19,5/23/19,25,3.571428571,NEW_YORK,N12,19x13,19x13_NY34,M,RT,9.22,58
4/28/19,5/30/19,32,4.571428571,NEW_YORK,N12,19x13,19x13_NY34,M,RT,11.1,64
4/28/19,6/12/19,45,6.428571429,NEW_YORK,N12,19x13,19x13_NY34,M,RT,12.63,
4/28/19,7/19/19,82,11.71428571,NEW_YORK,N12,19x13,19x13_NY34,M,RT,16.31,72
9/22/18,10/14/18,22,3.142857143,F1_HYBRID,F1,19x13X193x255,NYBZ1,F,COLD,10.13,69
9/22/18,10/17/18,25,3.571428571,F1_HYBRID,F1,19x13X193x255,NYBZ1,F,COLD,10.18,71.5
9/22/18,10/24/18,32,4.571428571,F1_HYBRID,F1,19x13X193x255,NYBZ1,F,COLD,11.79,73.5
9/22/18,10/31/18,39,5.571428571,F1_HYBRID,F1,19x13X193x255,NYBZ1,F,COLD,13.09,76.5
9/22/18,11/7/18,46,6.571428571,F1_HYBRID,F1,19x13X193x255,NYBZ1,F,COLD,14.01,78.5
9/22/18,11/14/18,53,7.571428571,F1_HYBRID,F1,19x13X193x255,NYBZ1,F,COLD,14.83,79.5
9/22/18,11/21/18,60,8.571428571,F1_HYBRID,F1,19x13X193x255,NYBZ1,F,COLD,15.41,79.5
9/22/18,11/28/18,67,9.571428571,F1_HYBRID,F1,19x13X193x255,NYBZ1,F,COLD,15.22,81
9/22/18,10/14/18,22,3.142857143,F1_HYBRID,F1,19x13X193x255,NYBZ2,M,RT,10.11,70
9/22/18,10/17/18,25,3.571428571,F1_HYBRID,F1,19x13X193x255,NYBZ2,M,RT,10.46,72.5
9/22/18,10/24/18,32,4.571428571,F1_HYBRID,F1,19x13X193x255,NYBZ2,M,RT,13.16,76.5
9/22/18,10/31/18,39,5.571428571,F1_HYBRID,F1,19x13X193x255,NYBZ2,M,RT,15.25,81
9/22/18,11/7/18,46,6.571428571,F1_HYBRID,F1,19x13X193x255,NYBZ2,M,RT,17.05,83.5
9/22/18,11/14/18,53,7.571428571,F1_HYBRID,F1,19x13X193x255,NYBZ2,M,RT,17.77,81
9/22/18,11/21/18,60,8.571428571,F1_HYBRID,F1,19x13X193x255,NYBZ2,M,RT,18.13,82
9/22/18,11/28/18,67,9.571428571,F1_HYBRID,F1,19x13X193x255,NYBZ2,M,RT,18.68,87.5
9/22/18,10/14/18,22,3.142857143,F1_HYBRID,F1,19x13X193x255,NYBZ3,F,RT,9.72,69
9/22/18,10/17/18,25,3.571428571,F1_HYBRID,F1,19x13X193x255,NYBZ3,F,RT,9.76,69.5
9/22/18,10/24/18,32,4.571428571,F1_HYBRID,F1,19x13X193x255,NYBZ3,F,RT,11.4,72.5
9/22/18,10/31/18,39,5.571428571,F1_HYBRID,F1,19x13X193x255,NYBZ3,F,RT,12.53,75.5
9/22/18,11/7/18,46,6.571428571,F1_HYBRID,F1,19x13X193x255,NYBZ3,F,RT,13.18,77.5
9/22/18,11/14/18,53,7.571428571,F1_HYBRID,F1,19x13X193x255,NYBZ3,F,RT,13.37,79.5
9/22/18,11/21/18,60,8.571428571,F1_HYBRID,F1,19x13X193x255,NYBZ3,F,RT,13.79,79.5
9/22/18,11/28/18,67,9.571428571,F1_HYBRID,F1,19x13X193x255,NYBZ3,F,RT,13.96,81
9/22/18,10/14/18,22,3.142857143,F1_HYBRID,F1,19x13X193x255,NYBZ5,F,COLD,9.73,68
9/22/18,10/17/18,25,3.571428571,F1_HYBRID,F1,19x13X193x255,NYBZ5,F,COLD,9.14,70
9/22/18,10/24/18,32,4.571428571,F1_HYBRID,F1,19x13X193x255,NYBZ5,F,COLD,10.86,74
9/22/18,10/31/18,39,5.571428571,F1_HYBRID,F1,19x13X193x255,NYBZ5,F,COLD,11.97,74.5
9/22/18,11/7/18,46,6.571428571,F1_HYBRID,F1,19x13X193x255,NYBZ5,F,COLD,12.67,76.5
9/22/18,11/14/18,53,7.571428571,F1_HYBRID,F1,19x13X193x255,NYBZ5,F,COLD,13.8,77
9/22/18,11/21/18,60,8.571428571,F1_HYBRID,F1,19x13X193x255,NYBZ5,F,COLD,13.76,78
9/22/18,11/28/18,67,9.571428571,F1_HYBRID,F1,19x13X193x255,NYBZ5,F,COLD,13.58,80.5
10/22/18,11/12/18,21,3,F1_HYBRID,F1,19x13X193x255,NYBZ4,M,COLD,7.86,61
10/22/18,11/16/18,25,3.571428571,F1_HYBRID,F1,19x13X193x255,NYBZ4,M,COLD,9.1,64.5
10/22/18,11/24/18,33,4.714285714,F1_HYBRID,F1,19x13X193x255,NYBZ4,M,COLD,12.55,70.5
10/22/18,12/2/18,41,5.857142857,F1_HYBRID,F1,19x13X193x255,NYBZ4,M,COLD,14.68,75.5
10/22/18,12/16/18,55,7.857142857,F1_HYBRID,F1,19x13X193x255,NYBZ4,M,COLD,16.59,79.5
10/22/18,12/29/18,68,9.714285714,F1_HYBRID,F1,19x13X193x255,NYBZ4,M,COLD,17.6,80.5
10/22/18,1/12/19,82,11.71428571,F1_HYBRID,F1,19x13X193x255,NYBZ4,M,COLD,18.34,82
10/22/18,11/12/18,21,3,F1_HYBRID,F1,19x13X193x255,NYBZ6,M,RT,8.04,64
10/22/18,11/16/18,25,3.571428571,F1_HYBRID,F1,19x13X193x255,NYBZ6,M,RT,9.42,67
10/22/18,11/24/18,33,4.714285714,F1_HYBRID,F1,19x13X193x255,NYBZ6,M,RT,11.85,71
10/22/18,12/2/18,41,5.857142857,F1_HYBRID,F1,19x13X193x255,NYBZ6,M,RT,13.18,76.5
10/22/18,12/16/18,55,7.857142857,F1_HYBRID,F1,19x13X193x255,NYBZ6,M,RT,15.45,80.5
10/22/18,12/29/18,68,9.714285714,F1_HYBRID,F1,19x13X193x255,NYBZ6,M,RT,15.6,82.5
10/22/18,1/12/19,,,F1_HYBRID,F1,19x13X193x255,NYBZ6,M,RT,16.47,82.5
10/22/18,11/12/18,21,3,F1_HYBRID,F1,19x13X193x255,NYBZ8,M,COLD,8.39,64.5
10/22/18,11/16/18,25,3.571428571,F1_HYBRID,F1,19x13X193x255,NYBZ8,M,COLD,10.19,69
10/22/18,11/24/18,33,4.714285714,F1_HYBRID,F1,19x13X193x255,NYBZ8,M,COLD,14.9,75.5
10/22/18,12/2/18,41,5.857142857,F1_HYBRID,F1,19x13X193x255,NYBZ8,M,COLD,16.86,79
10/22/18,12/16/18,55,7.857142857,F1_HYBRID,F1,19x13X193x255,NYBZ8,M,COLD,18.39,82.5
10/22/18,12/29/18,68,9.714285714,F1_HYBRID,F1,19x13X193x255,NYBZ8,M,COLD,18.41,84
10/22/18,1/12/19,82,11.71428571,F1_HYBRID,F1,19x13X193x255,NYBZ8,M,COLD,18.53,84.5
10/22/18,11/12/18,21,3,F1_HYBRID,F1,19x13X193x255,NYBZ10,M,RT,8.04,62
10/22/18,11/16/18,25,3.571428571,F1_HYBRID,F1,19x13X193x255,NYBZ10,M,RT,9.08,65
10/22/18,11/24/18,33,4.714285714,F1_HYBRID,F1,19x13X193x255,NYBZ10,M,RT,11.48,70.5
10/22/18,12/2/18,41,5.857142857,F1_HYBRID,F1,19x13X193x255,NYBZ10,M,RT,12.86,74.5
10/22/18,12/16/18,55,7.857142857,F1_HYBRID,F1,19x13X193x255,NYBZ10,M,RT,15.71,80.5
10/22/18,12/29/18,68,9.714285714,F1_HYBRID,F1,19x13X193x255,NYBZ10,M,RT,15.72,82
10/22/18,1/12/19,82,11.71428571,F1_HYBRID,F1,19x13X193x255,NYBZ10,M,RT,17.61,83
10/22/18,11/12/18,21,3,F1_HYBRID,F1,19x13X193x255,NYBZ12,M,COLD,7.9,63
10/22/18,11/16/18,25,3.571428571,F1_HYBRID,F1,19x13X193x255,NYBZ12,M,COLD,9.34,68
10/22/18,11/24/18,33,4.714285714,F1_HYBRID,F1,19x13X193x255,NYBZ12,M,COLD,12.13,71.5
10/22/18,12/2/18,41,5.857142857,F1_HYBRID,F1,19x13X193x255,NYBZ12,M,COLD,14.6,75.5
10/22/18,12/16/18,55,7.857142857,F1_HYBRID,F1,19x13X193x255,NYBZ12,M,COLD,16.5,80
10/22/18,12/29/18,68,9.714285714,F1_HYBRID,F1,19x13X193x255,NYBZ12,M,COLD,17.42,82.5
10/22/18,1/12/19,82,11.71428571,F1_HYBRID,F1,19x13X193x255,NYBZ12,M,COLD,18.13,85
10/22/18,11/12/18,21,3,F1_HYBRID,F1,19x13X193x255,NYBZ14,M,COLD,8.25,62.5
10/22/18,11/16/18,25,3.571428571,F1_HYBRID,F1,19x13X193x255,NYBZ14,M,COLD,9.77,67.5
10/22/18,11/24/18,33,4.714285714,F1_HYBRID,F1,19x13X193x255,NYBZ14,M,COLD,13.4,69.5
10/22/18,12/2/18,41,5.857142857,F1_HYBRID,F1,19x13X193x255,NYBZ14,M,COLD,14.9,73.5
10/22/18,12/16/18,55,7.857142857,F1_HYBRID,F1,19x13X193x255,NYBZ14,M,COLD,17.66,78
10/22/18,12/29/18,68,9.714285714,F1_HYBRID,F1,19x13X193x255,NYBZ14,M,COLD,17.98,80.5
10/22/18,1/12/19,82,11.71428571,F1_HYBRID,F1,19x13X193x255,NYBZ14,M,COLD,18.77,81.5
10/22/18,11/12/18,21,3,F1_HYBRID,F1,19x13X193x255,NYBZ16,M,RT,8.14,63.5
10/22/18,11/16/18,25,3.571428571,F1_HYBRID,F1,19x13X193x255,NYBZ16,M,RT,9.7,68
10/22/18,11/24/18,33,4.714285714,F1_HYBRID,F1,19x13X193x255,NYBZ16,M,RT,12.82,75
10/22/18,12/2/18,41,5.857142857,F1_HYBRID,F1,19x13X193x255,NYBZ16,M,RT,14.66,80.5
10/22/18,12/16/18,55,7.857142857,F1_HYBRID,F1,19x13X193x255,NYBZ16,M,RT,16.11,84
10/22/18,12/29/18,68,9.714285714,F1_HYBRID,F1,19x13X193x255,NYBZ16,M,RT,17.11,85.5
10/22/18,1/12/19,82,11.71428571,F1_HYBRID,F1,19x13X193x255,NYBZ16,M,RT,18.55,87
11/14/18,12/5/18,21,3,F1_HYBRID,F1,19x13X193x255,NYBZ7,F,RT,9.05,63.5
11/14/18,12/10/18,26,3.714285714,F1_HYBRID,F1,19x13X193x255,NYBZ7,F,RT,10.6,67
11/14/18,12/16/18,32,4.571428571,F1_HYBRID,F1,19x13X193x255,NYBZ7,F,RT,11.06,70
11/14/18,12/31/18,47,6.714285714,F1_HYBRID,F1,19x13X193x255,NYBZ7,F,RT,12.1,76
11/14/18,1/12/19,59,8.428571429,F1_HYBRID,F1,19x13X193x255,NYBZ7,F,RT,12.51,78
11/14/18,1/21/19,68,9.714285714,F1_HYBRID,F1,19x13X193x255,NYBZ7,F,RT,12.92,79
11/14/18,12/5/18,21,3,F1_HYBRID,F1,19x13X193x255,NYBZ9,F,COLD,9.27,64
11/14/18,12/10/18,26,3.714285714,F1_HYBRID,F1,19x13X193x255,NYBZ9,F,COLD,10.95,68.5
11/14/18,12/16/18,32,4.571428571,F1_HYBRID,F1,19x13X193x255,NYBZ9,F,COLD,12.38,71
11/14/18,12/31/18,47,6.714285714,F1_HYBRID,F1,19x13X193x255,NYBZ9,F,COLD,14.48,76
11/14/18,1/12/19,59,8.428571429,F1_HYBRID,F1,19x13X193x255,NYBZ9,F,COLD,15.46,77.5
11/14/18,1/21/19,68,9.714285714,F1_HYBRID,F1,19x13X193x255,NYBZ9,F,COLD,15.73,78.5
11/14/18,12/5/18,21,3,F1_HYBRID,F1,19x13X193x255,NYBZ18,M,COLD,9.33,63
11/14/18,12/10/18,26,3.714285714,F1_HYBRID,F1,19x13X193x255,NYBZ18,M,COLD,11.64,68.5
11/14/18,12/16/18,32,4.571428571,F1_HYBRID,F1,19x13X193x255,NYBZ18,M,COLD,12.95,72
11/14/18,12/31/18,47,6.714285714,F1_HYBRID,F1,19x13X193x255,NYBZ18,M,COLD,15.61,77
11/14/18,1/12/19,59,8.428571429,F1_HYBRID,F1,19x13X193x255,NYBZ18,M,COLD,17.41,80.5
11/14/18,1/21/19,68,9.714285714,F1_HYBRID,F1,19x13X193x255,NYBZ18,M,COLD,18.06,81.5
11/14/18,12/5/18,21,3,F1_HYBRID,F1,19x13X193x255,NYBZ20,M,RT,9.5,64
11/14/18,12/10/18,26,3.714285714,F1_HYBRID,F1,19x13X193x255,NYBZ20,M,RT,11.46,69.5
11/14/18,12/16/18,32,4.571428571,F1_HYBRID,F1,19x13X193x255,NYBZ20,M,RT,12.85,73.5
11/14/18,12/31/18,47,6.714285714,F1_HYBRID,F1,19x13X193x255,NYBZ20,M,RT,15.25,81
11/14/18,1/12/19,59,8.428571429,F1_HYBRID,F1,19x13X193x255,NYBZ20,M,RT,15.93,82
11/14/18,1/21/19,68,9.714285714,F1_HYBRID,F1,19x13X193x255,NYBZ20,M,RT,15.94,82
1/11/19,2/2/19,22,3.142857143,F1_HYBRID,F1,19x13X193x255,NYBZ11,F,RT,9.27,
1/11/19,2/5/19,25,3.571428571,F1_HYBRID,F1,19x13X193x255,NYBZ11,F,RT,9.4,66
1/11/19,2/19/19,39,5.571428571,F1_HYBRID,F1,19x13X193x255,NYBZ11,F,RT,12.59,75
1/11/19,2/28/19,48,6.857142857,F1_HYBRID,F1,19x13X193x255,NYBZ11,F,RT,13.73,79
1/11/19,3/5/19,53,7.571428571,F1_HYBRID,F1,19x13X193x255,NYBZ11,F,RT,13.62,79
1/11/19,3/14/19,62,8.857142857,F1_HYBRID,F1,19x13X193x255,NYBZ11,F,RT,13.71,82.5
1/11/19,2/2/19,22,3.142857143,F1_HYBRID,F1,19x13X193x255,NYBZ22,M,RT,10.28,
1/11/19,2/5/19,25,3.571428571,F1_HYBRID,F1,19x13X193x255,NYBZ22,M,RT,10.68,68
1/11/19,2/19/19,39,5.571428571,F1_HYBRID,F1,19x13X193x255,NYBZ22,M,RT,16.94,78
1/11/19,2/28/19,48,6.857142857,F1_HYBRID,F1,19x13X193x255,NYBZ22,M,RT,18.2,81.5
1/11/19,3/5/19,53,7.571428571,F1_HYBRID,F1,19x13X193x255,NYBZ22,M,RT,18.13,83
1/11/19,3/14/19,62,8.857142857,F1_HYBRID,F1,19x13X193x255,NYBZ22,M,RT,18.61,85.5
2/1/19,2/27/19,26,3.714285714,F1_HYBRID,F1,19x13X193x255,NYBZ13,F,COLD,8.4,62
2/1/19,3/5/19,32,4.571428571,F1_HYBRID,F1,19x13X193x255,NYBZ13,F,COLD,9.57,66.5
2/1/19,3/14/19,41,5.857142857,F1_HYBRID,F1,19x13X193x255,NYBZ13,F,COLD,10.47,69
2/1/19,3/26/19,53,7.571428571,F1_HYBRID,F1,19x13X193x255,NYBZ13,F,COLD,11.06,71.5
2/1/19,4/2/19,60,8.571428571,F1_HYBRID,F1,19x13X193x255,NYBZ13,F,COLD,12.27,73
2/1/19,2/27/19,26,3.714285714,F1_HYBRID,F1,19x13X193x255,NYBZ15,F,COLD,9.51,64.5
2/1/19,3/5/19,32,4.571428571,F1_HYBRID,F1,19x13X193x255,NYBZ15,F,COLD,10.62,68
2/1/19,3/14/19,41,5.857142857,F1_HYBRID,F1,19x13X193x255,NYBZ15,F,COLD,12.03,71.5
2/1/19,3/26/19,53,7.571428571,F1_HYBRID,F1,19x13X193x255,NYBZ15,F,COLD,12.38,74.5
2/1/19,4/2/19,60,8.571428571,F1_HYBRID,F1,19x13X193x255,NYBZ15,F,COLD,13.35,75
2/1/19,2/27/19,26,3.714285714,F1_HYBRID,F1,19x13X193x255,NYBZ24,M,COLD,9.31,68
2/1/19,3/5/19,32,4.571428571,F1_HYBRID,F1,19x13X193x255,NYBZ24,M,COLD,12.09,69
2/1/19,3/14/19,41,5.857142857,F1_HYBRID,F1,19x13X193x255,NYBZ24,M,COLD,15.22,75
2/1/19,3/26/19,53,7.571428571,F1_HYBRID,F1,19x13X193x255,NYBZ24,M,COLD,14.85,78.5
2/1/19,4/2/19,60,8.571428571,F1_HYBRID,F1,19x13X193x255,NYBZ24,M,COLD,16.26,79
2/1/19,2/27/19,26,3.714285714,F1_HYBRID,F1,19x13X193x255,NYBZ26,M,COLD,9.4,66.5
2/1/19,3/5/19,32,4.571428571,F1_HYBRID,F1,19x13X193x255,NYBZ26,M,COLD,11.46,67.5
2/1/19,3/14/19,41,5.857142857,F1_HYBRID,F1,19x13X193x255,NYBZ26,M,COLD,14.55,71.5
2/1/19,3/26/19,53,7.571428571,F1_HYBRID,F1,19x13X193x255,NYBZ26,M,COLD,13.64,75.5
2/1/19,4/2/19,60,8.571428571,F1_HYBRID,F1,19x13X193x255,NYBZ26,M,COLD,15.43,77
2/1/19,2/27/19,26,3.714285714,F1_HYBRID,F1,19x13X193x255,NYBZ28,M,RT,9.29,65
2/1/19,3/5/19,32,4.571428571,F1_HYBRID,F1,19x13X193x255,NYBZ28,M,RT,11.36,71.5
2/1/19,3/14/19,41,5.857142857,F1_HYBRID,F1,19x13X193x255,NYBZ28,M,RT,12.73,76
2/1/19,3/26/19,53,7.571428571,F1_HYBRID,F1,19x13X193x255,NYBZ28,M,RT,14.29,80.5
2/1/19,4/2/19,60,8.571428571,F1_HYBRID,F1,19x13X193x255,NYBZ28,M,RT,14.33,80.5
2/1/19,2/27/19,26,3.714285714,F1_HYBRID,F1,19x13X193x255,NYBZ30,M,RT,9.39,65
2/1/19,3/5/19,32,4.571428571,F1_HYBRID,F1,19x13X193x255,NYBZ30,M,RT,11.33,70.5
2/1/19,3/14/19,41,5.857142857,F1_HYBRID,F1,19x13X193x255,NYBZ30,M,RT,13.16,75
2/1/19,3/26/19,53,7.571428571,F1_HYBRID,F1,19x13X193x255,NYBZ30,M,RT,15.07,80.5
2/1/19,4/2/19,60,8.571428571,F1_HYBRID,F1,19x13X193x255,NYBZ30,M,RT,15.54,81.5
2/24/19,3/21/19,25,3.571428571,F1_HYBRID,F1,19x13X193x255,NYBZ17,F,COLD,8.95,61.5
2/24/19,4/5/19,40,5.714285714,F1_HYBRID,F1,19x13X193x255,NYBZ17,F,COLD,13.6,70.5
2/24/19,4/18/19,53,7.571428571,F1_HYBRID,F1,19x13X193x255,NYBZ17,F,COLD,12.42,73.5
2/24/19,3/21/19,25,3.571428571,F1_HYBRID,F1,19x13X193x255,NYBZ19,F,RT,9.13,54
2/24/19,4/5/19,40,5.714285714,F1_HYBRID,F1,19x13X193x255,NYBZ19,F,RT,13.93,73.5
2/24/19,4/18/19,53,7.571428571,F1_HYBRID,F1,19x13X193x255,NYBZ19,F,RT,14.56,77
2/24/19,3/21/19,25,3.571428571,F1_HYBRID,F1,19x13X193x255,NYBZ21,F,RT,8.36,61
2/24/19,4/5/19,40,5.714285714,F1_HYBRID,F1,19x13X193x255,NYBZ21,F,RT,11.9,71
2/24/19,4/18/19,53,7.571428571,F1_HYBRID,F1,19x13X193x255,NYBZ21,F,RT,12.42,75.5
2/24/19,3/21/19,25,3.571428571,F1_HYBRID,F1,19x13X193x255,NYBZ32,M,RT,9.11,61.5
2/24/19,4/5/19,40,5.714285714,F1_HYBRID,F1,19x13X193x255,NYBZ32,M,RT,16.01,73.5
2/24/19,4/18/19,53,7.571428571,F1_HYBRID,F1,19x13X193x255,NYBZ32,M,RT,16.48,78
2/24/19,3/21/19,25,3.571428571,F1_HYBRID,F1,19x13X193x255,NYBZ34,M,COLD,9.78,63
2/24/19,4/5/19,40,5.714285714,F1_HYBRID,F1,19x13X193x255,NYBZ34,M,COLD,17.52,73.5
2/24/19,4/18/19,53,7.571428571,F1_HYBRID,F1,19x13X193x255,NYBZ34,M,COLD,17.51,78.5
4/9/19,5/4/19,25,3.571428571,F1_HYBRID,F1,19x13X193x255,NYBZ23,F,COLD,9.88,61
4/9/19,5/13/19,34,4.857142857,F1_HYBRID,F1,19x13X193x255,NYBZ23,F,COLD,12.15,67
4/9/19,5/18/19,39,5.571428571,F1_HYBRID,F1,19x13X193x255,NYBZ23,F,COLD,13.43,70
4/9/19,5/25/19,46,6.571428571,F1_HYBRID,F1,19x13X193x255,NYBZ23,F,COLD,14.5,71.5
4/9/19,5/4/19,25,3.571428571,F1_HYBRID,F1,19x13X193x255,NYBZ25,F,COLD,9.64,65
4/9/19,5/13/19,34,4.857142857,F1_HYBRID,F1,19x13X193x255,NYBZ25,F,COLD,12.26,69.5
4/9/19,5/18/19,39,5.571428571,F1_HYBRID,F1,19x13X193x255,NYBZ25,F,COLD,12.66,72
4/9/19,5/25/19,46,6.571428571,F1_HYBRID,F1,19x13X193x255,NYBZ25,F,COLD,14.02,74
4/9/19,5/4/19,25,3.571428571,F1_HYBRID,F1,19x13X193x255,NYBZ27,F,RT,10.46,62.5
4/9/19,5/13/19,34,4.857142857,F1_HYBRID,F1,19x13X193x255,NYBZ27,F,RT,11.71,68.5
4/9/19,5/18/19,39,5.571428571,F1_HYBRID,F1,19x13X193x255,NYBZ27,F,RT,11.14,72.5
4/9/19,5/25/19,46,6.571428571,F1_HYBRID,F1,19x13X193x255,NYBZ27,F,RT,12.23,73.5
4/9/19,5/4/19,25,3.571428571,F1_HYBRID,F1,19x13X193x255,NYBZ36,M,RT,10.98,66
4/9/19,5/13/19,34,4.857142857,F1_HYBRID,F1,19x13X193x255,NYBZ36,M,RT,13.26,74
4/9/19,5/18/19,39,5.571428571,F1_HYBRID,F1,19x13X193x255,NYBZ36,M,RT,14.16,75
4/9/19,5/25/19,46,6.571428571,F1_HYBRID,F1,19x13X193x255,NYBZ36,M,RT,13.92,78